time,edge_id,edge_name,flow,speed,density,queue
60,A0B0,Nguyễn Trãi (Bắc→vào),9.0,10.327,30.0,5.0
60,bottom1B0,Nguyễn Trãi (Nam→vào),1.0,33.796,3.333,0.0
60,right0B0,Trường Chinh (Đông→vào),4.0,8.075,13.333,3.0
60,B1B0,Tây Sơn (Tây→vào),1.0,40.528,3.333,0.0
120,A0B0,Nguyễn Trãi (Bắc→vào),2.0,39.448,6.667,0.0
120,bottom1B0,Nguyễn Trãi (Nam→vào),7.0,2.434,23.333,6.0
120,right0B0,Trường Chinh (Đông→vào),0.0,39.996,0.0,0.0
120,B1B0,Tây Sơn (Tây→vào),5.0,8.207,16.667,4.0
180,A0B0,Nguyễn Trãi (Bắc→vào),8.0,6.801,26.667,6.0
180,bottom1B0,Nguyễn Trãi (Nam→vào),1.0,39.534,3.333,0.0
180,right0B0,Trường Chinh (Đông→vào),4.0,14.372,13.333,3.0
180,B1B0,Tây Sơn (Tây→vào),2.0,34.314,6.667,0.0
240,A0B0,Nguyễn Trãi (Bắc→vào),2.0,38.78,6.667,0.0
240,bottom1B0,Nguyễn Trãi (Nam→vào),8.0,3.375,26.667,6.0
240,right0B0,Trường Chinh (Đông→vào),1.0,39.364,3.333,0.0
240,B1B0,Tây Sơn (Tây→vào),6.0,13.319,20.0,4.0
300,A0B0,Nguyễn Trãi (Bắc→vào),8.0,9.413,26.667,6.0
300,bottom1B0,Nguyễn Trãi (Nam→vào),1.0,33.825,3.333,0.0
300,right0B0,Trường Chinh (Đông→vào),5.0,8.324,16.667,4.0
300,B1B0,Tây Sơn (Tây→vào),2.0,41.383,6.667,0.0
360,A0B0,Nguyễn Trãi (Bắc→vào),2.0,36.344,6.667,0.0
360,bottom1B0,Nguyễn Trãi (Nam→vào),7.0,1.723,23.333,6.0
360,right0B0,Trường Chinh (Đông→vào),0.0,39.996,0.0,0.0
360,B1B0,Tây Sơn (Tây→vào),5.0,8.173,16.667,4.0
420,A0B0,Nguyễn Trãi (Bắc→vào),10.0,10.596,33.333,6.0
420,bottom1B0,Nguyễn Trãi (Nam→vào),1.0,38.969,3.333,0.0
420,right0B0,Trường Chinh (Đông→vào),4.0,0.018,13.333,4.0
420,B1B0,Tây Sơn (Tây→vào),1.0,26.522,3.333,0.0
480,A0B0,Nguyễn Trãi (Bắc→vào),3.0,33.89,10.0,0.0
480,bottom1B0,Nguyễn Trãi (Nam→vào),8.0,2.907,26.667,7.0
480,right0B0,Trường Chinh (Đông→vào),1.0,24.75,3.333,0.0
480,B1B0,Tây Sơn (Tây→vào),5.0,10.816,16.667,2.0
540,A0B0,Nguyễn Trãi (Bắc→vào),9.0,5.891,30.0,7.0
540,bottom1B0,Nguyễn Trãi (Nam→vào),2.0,28.682,6.667,0.0
540,right0B0,Trường Chinh (Đông→vào),5.0,7.255,16.667,4.0
540,B1B0,Tây Sơn (Tây→vào),1.0,36.603,3.333,0.0
600,A0B0,Nguyễn Trãi (Bắc→vào),4.0,31.296,13.333,0.0
600,bottom1B0,Nguyễn Trãi (Nam→vào),8.0,7.261,26.667,6.0
600,right0B0,Trường Chinh (Đông→vào),2.0,37.883,6.667,0.0
600,B1B0,Tây Sơn (Tây→vào),5.0,12.052,16.667,2.0
660,A0B0,Nguyễn Trãi (Bắc→vào),12.0,6.728,40.0,9.0
660,bottom1B0,Nguyễn Trãi (Nam→vào),2.0,31.051,6.667,0.0
660,right0B0,Trường Chinh (Đông→vào),6.0,17.716,20.0,4.0
660,B1B0,Tây Sơn (Tây→vào),2.0,41.251,6.667,0.0
720,A0B0,Nguyễn Trãi (Bắc→vào),2.0,42.584,6.667,0.0
720,bottom1B0,Nguyễn Trãi (Nam→vào),8.0,0.367,26.667,7.0
720,right0B0,Trường Chinh (Đông→vào),0.0,39.996,0.0,0.0
720,B1B0,Tây Sơn (Tây→vào),5.0,8.329,16.667,4.0
780,A0B0,Nguyễn Trãi (Bắc→vào),9.0,7.405,30.0,3.0
780,bottom1B0,Nguyễn Trãi (Nam→vào),1.0,38.077,3.333,0.0
780,right0B0,Trường Chinh (Đông→vào),4.0,8.211,13.333,3.0
780,B1B0,Tây Sơn (Tây→vào),1.0,35.228,3.333,0.0
840,A0B0,Nguyễn Trãi (Bắc→vào),6.0,23.023,20.0,1.0
840,bottom1B0,Nguyễn Trãi (Nam→vào),7.0,5.218,23.333,5.0
840,right0B0,Trường Chinh (Đông→vào),1.0,37.587,3.333,0.0
840,B1B0,Tây Sơn (Tây→vào),5.0,7.641,16.667,4.0
900,A0B0,Nguyễn Trãi (Bắc→vào),12.0,7.201,40.0,10.0
900,bottom1B0,Nguyễn Trãi (Nam→vào),1.0,34.234,3.333,0.0
900,right0B0,Trường Chinh (Đông→vào),5.0,6.719,16.667,4.0
900,B1B0,Tây Sơn (Tây→vào),1.0,41.324,3.333,0.0
960,A0B0,Nguyễn Trãi (Bắc→vào),7.0,29.877,23.333,0.0
960,bottom1B0,Nguyễn Trãi (Nam→vào),14.0,5.458,46.667,11.0
960,right0B0,Trường Chinh (Đông→vào),2.0,35.012,6.667,0.0
960,B1B0,Tây Sơn (Tây→vào),10.0,11.414,33.333,6.0
1020,A0B0,Nguyễn Trãi (Bắc→vào),20.0,8.33,66.667,13.0
1020,bottom1B0,Nguyễn Trãi (Nam→vào),3.0,39.704,10.0,0.0
1020,right0B0,Trường Chinh (Đông→vào),10.0,6.62,33.333,7.0
1020,B1B0,Tây Sơn (Tây→vào),3.0,44.937,10.0,0.0
1080,A0B0,Nguyễn Trãi (Bắc→vào),7.0,29.354,23.333,0.0
1080,bottom1B0,Nguyễn Trãi (Nam→vào),14.0,1.197,46.667,12.0
1080,right0B0,Trường Chinh (Đông→vào),2.0,33.887,6.667,0.0
1080,B1B0,Tây Sơn (Tây→vào),11.0,15.55,36.667,6.0
1140,A0B0,Nguyễn Trãi (Bắc→vào),20.0,8.099,66.667,13.0
1140,bottom1B0,Nguyễn Trãi (Nam→vào),5.0,27.221,16.667,0.0
1140,right0B0,Trường Chinh (Đông→vào),9.0,5.13,30.0,7.0
1140,B1B0,Tây Sơn (Tây→vào),3.0,39.409,10.0,0.0
1200,A0B0,Nguyễn Trãi (Bắc→vào),6.0,33.305,20.0,0.0
1200,bottom1B0,Nguyễn Trãi (Nam→vào),17.0,4.073,56.667,14.0
1200,right0B0,Trường Chinh (Đông→vào),2.0,34.027,6.667,0.0
1200,B1B0,Tây Sơn (Tây→vào),10.0,8.003,33.333,8.0
1260,A0B0,Nguyễn Trãi (Bắc→vào),18.0,6.185,60.0,13.0
1260,bottom1B0,Nguyễn Trãi (Nam→vào),2.0,35.195,6.667,0.0
1260,right0B0,Trường Chinh (Đông→vào),9.0,3.809,30.0,8.0
1260,B1B0,Tây Sơn (Tây→vào),4.0,33.702,13.333,0.0
1320,A0B0,Nguyễn Trãi (Bắc→vào),10.0,29.611,33.333,0.0
1320,bottom1B0,Nguyễn Trãi (Nam→vào),15.0,5.137,50.0,12.0
1320,right0B0,Trường Chinh (Đông→vào),2.0,41.888,6.667,0.0
1320,B1B0,Tây Sơn (Tây→vào),12.0,11.734,40.0,7.0
1380,A0B0,Nguyễn Trãi (Bắc→vào),22.0,6.745,73.333,17.0
1380,bottom1B0,Nguyễn Trãi (Nam→vào),5.0,18.62,16.667,2.0
1380,right0B0,Trường Chinh (Đông→vào),9.0,4.867,30.0,7.0
1380,B1B0,Tây Sơn (Tây→vào),3.0,36.962,10.0,0.0
1440,A0B0,Nguyễn Trãi (Bắc→vào),6.0,35.589,20.0,0.0
1440,bottom1B0,Nguyễn Trãi (Nam→vào),16.0,3.162,53.333,14.0
1440,right0B0,Trường Chinh (Đông→vào),1.0,36.073,3.333,0.0
1440,B1B0,Tây Sơn (Tây→vào),12.0,10.615,40.0,9.0
1500,A0B0,Nguyễn Trãi (Bắc→vào),18.0,7.288,60.0,13.0
1500,bottom1B0,Nguyễn Trãi (Nam→vào),5.0,23.487,16.667,1.0
1500,right0B0,Trường Chinh (Đông→vào),9.0,8.79,30.0,6.0
1500,B1B0,Tây Sơn (Tây→vào),3.0,36.607,10.0,0.0
1560,A0B0,Nguyễn Trãi (Bắc→vào),10.0,22.687,33.333,0.0
1560,bottom1B0,Nguyễn Trãi (Nam→vào),17.0,5.367,56.667,14.0
1560,right0B0,Trường Chinh (Đông→vào),3.0,27.356,10.0,0.0
1560,B1B0,Tây Sơn (Tây→vào),12.0,15.21,40.0,6.0
1620,A0B0,Nguyễn Trãi (Bắc→vào),21.0,4.441,70.0,16.0
1620,bottom1B0,Nguyễn Trãi (Nam→vào),2.0,33.064,6.667,0.0
1620,right0B0,Trường Chinh (Đông→vào),9.0,4.3,30.0,8.0
1620,B1B0,Tây Sơn (Tây→vào),3.0,21.384,10.0,0.0
1680,A0B0,Nguyễn Trãi (Bắc→vào),11.0,17.807,36.667,0.0
1680,bottom1B0,Nguyễn Trãi (Nam→vào),15.0,4.842,50.0,12.0
1680,right0B0,Trường Chinh (Đông→vào),1.0,32.595,3.333,0.0
1680,B1B0,Tây Sơn (Tây→vào),11.0,10.809,36.667,7.0
1740,A0B0,Nguyễn Trãi (Bắc→vào),24.0,8.298,80.0,14.0
1740,bottom1B0,Nguyễn Trãi (Nam→vào),4.0,37.217,13.333,0.0
1740,right0B0,Trường Chinh (Đông→vào),9.0,4.67,30.0,6.0
1740,B1B0,Tây Sơn (Tây→vào),5.0,32.975,16.667,0.0
1800,A0B0,Nguyễn Trãi (Bắc→vào),12.0,21.71,40.0,0.0
1800,bottom1B0,Nguyễn Trãi (Nam→vào),15.0,5.236,50.0,11.0
1800,right0B0,Trường Chinh (Đông→vào),2.0,30.108,6.667,0.0
1800,B1B0,Tây Sơn (Tây→vào),12.0,8.511,40.0,9.0
1860,A0B0,Nguyễn Trãi (Bắc→vào),32.0,7.886,106.667,25.0
1860,bottom1B0,Nguyễn Trãi (Nam→vào),11.0,15.63,36.667,3.0
1860,right0B0,Trường Chinh (Đông→vào),15.0,4.846,50.0,11.0
1860,B1B0,Tây Sơn (Tây→vào),7.0,31.16,23.333,0.0
1920,A0B0,Nguyễn Trãi (Bắc→vào),20.0,18.978,66.667,0.0
1920,bottom1B0,Nguyễn Trãi (Nam→vào),27.0,2.595,90.0,23.0
1920,right0B0,Trường Chinh (Đông→vào),4.0,30.022,13.333,0.0
1920,B1B0,Tây Sơn (Tây→vào),19.0,10.058,63.333,12.0
1980,A0B0,Nguyễn Trãi (Bắc→vào),37.0,6.65,123.333,25.0
1980,bottom1B0,Nguyễn Trãi (Nam→vào),22.0,6.668,73.333,2.0
1980,right0B0,Trường Chinh (Đông→vào),14.0,4.103,46.667,10.0
1980,B1B0,Tây Sơn (Tây→vào),7.0,21.709,23.333,2.0
2040,A0B0,Nguyễn Trãi (Bắc→vào),26.0,13.181,86.667,1.0
2040,bottom1B0,Nguyễn Trãi (Nam→vào),39.0,1.147,130.0,36.0
2040,right0B0,Trường Chinh (Đông→vào),4.0,36.002,13.333,0.0
2040,B1B0,Tây Sơn (Tây→vào),19.0,10.725,63.333,13.0
2100,A0B0,Nguyễn Trãi (Bắc→vào),45.0,4.255,150.0,37.0
2100,bottom1B0,Nguyễn Trãi (Nam→vào),31.0,4.917,103.333,4.0
2100,right0B0,Trường Chinh (Đông→vào),14.0,2.513,46.667,12.0
2100,B1B0,Tây Sơn (Tây→vào),8.0,29.045,26.667,0.0
2160,A0B0,Nguyễn Trãi (Bắc→vào),37.0,8.605,123.333,2.0
2160,bottom1B0,Nguyễn Trãi (Nam→vào),47.0,1.089,156.667,45.0
2160,right0B0,Trường Chinh (Đông→vào),4.0,28.57,13.333,0.0
2160,B1B0,Tây Sơn (Tây→vào),19.0,6.105,63.333,14.0
2220,A0B0,Nguyễn Trãi (Bắc→vào),56.0,4.138,186.667,38.0
2220,bottom1B0,Nguyễn Trãi (Nam→vào),46.0,3.102,153.333,14.0
2220,right0B0,Trường Chinh (Đông→vào),15.0,5.716,50.0,12.0
2220,B1B0,Tây Sơn (Tây→vào),5.0,39.534,16.667,0.0
2280,A0B0,Nguyễn Trãi (Bắc→vào),46.0,8.897,153.333,2.0
2280,bottom1B0,Nguyễn Trãi (Nam→vào),62.0,0.369,206.667,49.0
2280,right0B0,Trường Chinh (Đông→vào),3.0,25.354,10.0,0.0
2280,B1B0,Tây Sơn (Tây→vào),18.0,9.704,60.0,12.0
2340,A0B0,Nguyễn Trãi (Bắc→vào),64.0,2.319,213.333,38.0
2340,bottom1B0,Nguyễn Trãi (Nam→vào),54.0,1.783,180.0,20.0
2340,right0B0,Trường Chinh (Đông→vào),14.0,7.383,46.667,9.0
2340,B1B0,Tây Sơn (Tây→vào),4.0,43.435,13.333,0.0
2400,A0B0,Nguyễn Trãi (Bắc→vào),57.0,7.102,190.0,2.0
2400,bottom1B0,Nguyễn Trãi (Nam→vào),63.0,0.388,210.0,51.0
2400,right0B0,Trường Chinh (Đông→vào),3.0,25.466,10.0,0.0
2400,B1B0,Tây Sơn (Tây→vào),17.0,9.416,56.667,11.0
2460,A0B0,Nguyễn Trãi (Bắc→vào),75.0,2.781,250.0,43.0
2460,bottom1B0,Nguyễn Trãi (Nam→vào),49.0,2.813,163.333,19.0
2460,right0B0,Trường Chinh (Đông→vào),14.0,5.333,46.667,10.0
2460,B1B0,Tây Sơn (Tây→vào),7.0,36.014,23.333,0.0
2520,A0B0,Nguyễn Trãi (Bắc→vào),70.0,3.941,233.333,8.0
2520,bottom1B0,Nguyễn Trãi (Nam→vào),66.0,0.575,220.0,51.0
2520,right0B0,Trường Chinh (Đông→vào),2.0,24.312,6.667,0.0
2520,B1B0,Tây Sơn (Tây→vào),17.0,10.663,56.667,12.0
2580,A0B0,Nguyễn Trãi (Bắc→vào),90.0,2.772,300.0,48.0
2580,bottom1B0,Nguyễn Trãi (Nam→vào),56.0,2.798,186.667,17.0
2580,right0B0,Trường Chinh (Đông→vào),14.0,7.236,46.667,11.0
2580,B1B0,Tây Sơn (Tây→vào),6.0,41.518,20.0,0.0
2640,A0B0,Nguyễn Trãi (Bắc→vào),86.0,3.061,286.667,33.0
2640,bottom1B0,Nguyễn Trãi (Nam→vào),68.0,0.544,226.667,53.0
2640,right0B0,Trường Chinh (Đông→vào),3.0,36.377,10.0,0.0
2640,B1B0,Tây Sơn (Tây→vào),17.0,10.12,56.667,9.0
2700,A0B0,Nguyễn Trãi (Bắc→vào),102.0,1.479,340.0,66.0
2700,bottom1B0,Nguyễn Trãi (Nam→vào),59.0,2.579,196.667,15.0
2700,right0B0,Trường Chinh (Đông→vào),13.0,3.036,43.333,9.0
2700,B1B0,Tây Sơn (Tây→vào),6.0,36.625,20.0,0.0
2760,A0B0,Nguyễn Trãi (Bắc→vào),93.0,2.248,310.0,46.0
2760,bottom1B0,Nguyễn Trãi (Nam→vào),75.0,0.37,250.0,64.0
2760,right0B0,Trường Chinh (Đông→vào),1.0,43.811,3.333,0.0
2760,B1B0,Tây Sơn (Tây→vào),11.0,7.733,36.667,8.0
2820,A0B0,Nguyễn Trãi (Bắc→vào),100.0,0.676,333.333,68.0
2820,bottom1B0,Nguyễn Trãi (Nam→vào),61.0,2.242,203.333,15.0
2820,right0B0,Trường Chinh (Đông→vào),4.0,12.268,13.333,3.0
2820,B1B0,Tây Sơn (Tây→vào),4.0,30.561,13.333,0.0
2880,A0B0,Nguyễn Trãi (Bắc→vào),87.0,2.939,290.0,29.0
2880,bottom1B0,Nguyễn Trãi (Nam→vào),73.0,0.46,243.333,61.0
2880,right0B0,Trường Chinh (Đông→vào),1.0,41.03,3.333,0.0
2880,B1B0,Tây Sơn (Tây→vào),7.0,9.023,23.333,6.0
2940,A0B0,Nguyễn Trãi (Bắc→vào),95.0,1.387,316.667,62.0
2940,bottom1B0,Nguyễn Trãi (Nam→vào),43.0,3.753,143.333,17.0
2940,right0B0,Trường Chinh (Đông→vào),4.0,8.015,13.333,4.0
2940,B1B0,Tây Sơn (Tây→vào),2.0,35.267,6.667,0.0
3000,A0B0,Nguyễn Trãi (Bắc→vào),70.0,4.058,233.333,15.0
3000,bottom1B0,Nguyễn Trãi (Nam→vào),66.0,1.095,220.0,50.0
3000,right0B0,Trường Chinh (Đông→vào),1.0,33.72,3.333,0.0
3000,B1B0,Tây Sơn (Tây→vào),6.0,18.226,20.0,4.0
3060,A0B0,Nguyễn Trãi (Bắc→vào),78.0,1.686,260.0,55.0
3060,bottom1B0,Nguyễn Trãi (Nam→vào),57.0,1.92,190.0,16.0
3060,right0B0,Trường Chinh (Đông→vào),4.0,8.517,13.333,3.0
3060,B1B0,Tây Sơn (Tây→vào),1.0,43.19,3.333,0.0
3120,A0B0,Nguyễn Trãi (Bắc→vào),58.0,3.091,193.333,19.0
3120,bottom1B0,Nguyễn Trãi (Nam→vào),65.0,0.333,216.667,54.0
3120,right0B0,Trường Chinh (Đông→vào),1.0,39.929,3.333,0.0
3120,B1B0,Tây Sơn (Tây→vào),5.0,15.67,16.667,3.0
3180,A0B0,Nguyễn Trãi (Bắc→vào),65.0,0.828,216.667,48.0
3180,bottom1B0,Nguyễn Trãi (Nam→vào),45.0,2.966,150.0,10.0
3180,right0B0,Trường Chinh (Đông→vào),4.0,8.373,13.333,3.0
3180,B1B0,Tây Sơn (Tây→vào),2.0,41.959,6.667,0.0
3240,A0B0,Nguyễn Trãi (Bắc→vào),49.0,6.415,163.333,2.0
3240,bottom1B0,Nguyễn Trãi (Nam→vào),52.0,0.12,173.333,48.0
3240,right0B0,Trường Chinh (Đông→vào),1.0,40.688,3.333,0.0
3240,B1B0,Tây Sơn (Tây→vào),5.0,13.287,16.667,2.0
3300,A0B0,Nguyễn Trãi (Bắc→vào),57.0,1.49,190.0,45.0
3300,bottom1B0,Nguyễn Trãi (Nam→vào),37.0,2.791,123.333,5.0
3300,right0B0,Trường Chinh (Đông→vào),4.0,8.018,13.333,4.0
3300,B1B0,Tây Sơn (Tây→vào),3.0,26.129,10.0,0.0
3360,A0B0,Nguyễn Trãi (Bắc→vào),40.0,5.101,133.333,8.0
3360,bottom1B0,Nguyễn Trãi (Nam→vào),44.0,0.061,146.667,43.0
3360,right0B0,Trường Chinh (Đông→vào),1.0,41.128,3.333,0.0
3360,B1B0,Tây Sơn (Tây→vào),7.0,15.296,23.333,5.0
3420,A0B0,Nguyễn Trãi (Bắc→vào),47.0,0.846,156.667,42.0
3420,bottom1B0,Nguyễn Trãi (Nam→vào),26.0,5.195,86.667,3.0
3420,right0B0,Trường Chinh (Đông→vào),4.0,8.23,13.333,3.0
3420,B1B0,Tây Sơn (Tây→vào),1.0,34.358,3.333,0.0
3480,A0B0,Nguyễn Trãi (Bắc→vào),29.0,8.646,96.667,2.0
3480,bottom1B0,Nguyễn Trãi (Nam→vào),33.0,0.139,110.0,32.0
3480,right0B0,Trường Chinh (Đông→vào),1.0,42.922,3.333,0.0
3480,B1B0,Tây Sơn (Tây→vào),5.0,18.056,16.667,3.0
3540,A0B0,Nguyễn Trãi (Bắc→vào),37.0,3.016,123.333,33.0
3540,bottom1B0,Nguyễn Trãi (Nam→vào),14.0,4.628,46.667,4.0
3540,right0B0,Trường Chinh (Đông→vào),4.0,8.043,13.333,4.0
3540,B1B0,Tây Sơn (Tây→vào),3.0,29.451,10.0,1.0
3600,A0B0,Nguyễn Trãi (Bắc→vào),21.0,10.729,70.0,2.0
3600,bottom1B0,Nguyễn Trãi (Nam→vào),21.0,1.486,70.0,20.0
3600,right0B0,Trường Chinh (Đông→vào),1.0,29.306,3.333,0.0
3600,B1B0,Tây Sơn (Tây→vào),6.0,11.045,20.0,5.0
3660,A0B0,Nguyễn Trãi (Bắc→vào),9.137122685889494,9.874232937193167,30.334619613937914,4.975955265769167
3660,bottom1B0,Nguyễn Trãi (Nam→vào),0.9480007946879753,33.636715135824026,3.5718451975259184,0.0
3660,right0B0,Trường Chinh (Đông→vào),4.150090239161291,7.3653171619897595,13.39401192677917,2.657889323194212
3660,B1B0,Tây Sơn (Tây→vào),1.0470282358195606,37.5551795147397,3.429786502936711,0.0
3720,A0B0,Nguyễn Trãi (Bắc→vào),1.8048964811346164,43.647727003764615,6.648071322149196,0.0
3720,bottom1B0,Nguyễn Trãi (Nam→vào),6.544237172598189,2.2773206718589507,23.134193995434778,6.438353660016099
3720,right0B0,Trường Chinh (Đông→vào),0.0,37.80264820020641,0.0,0.0
3720,B1B0,Tây Sơn (Tây→vào),4.920939351914104,8.960777466346652,17.02559163748728,4.153463448092245
3780,A0B0,Nguyễn Trãi (Bắc→vào),7.993279536998284,7.788868090900201,25.53160288879916,5.657951724262131
3780,bottom1B0,Nguyễn Trãi (Nam→vào),0.957347803621321,37.218164244800946,3.443919779631633,0.0
3780,right0B0,Trường Chinh (Đông→vào),4.175879594972566,14.10737629965212,14.056506581513865,3.0671720575084067
3780,B1B0,Tây Sơn (Tây→vào),2.0777791935428946,34.90000685874863,6.789183244602531,0.0
3840,A0B0,Nguyễn Trãi (Bắc→vào),2.0066030697561215,42.13194473250245,6.57157898466921,0.0
3840,bottom1B0,Nguyễn Trãi (Nam→vào),8.450896482787213,3.208467868015235,27.27229500517125,5.9436987027214645
3840,right0B0,Trường Chinh (Đông→vào),1.0233754671126023,38.88124414361674,3.28155963529319,0.0
3840,B1B0,Tây Sơn (Tây→vào),5.742212261135029,13.83666795877832,20.93554712546515,4.031623816981022
3900,A0B0,Nguyễn Trãi (Bắc→vào),8.147500313633,9.617622652947714,24.225094697611766,6.233330216725478
3900,bottom1B0,Nguyễn Trãi (Nam→vào),0.9520558699585501,33.1888260445321,3.2770710321030276,0.0
3900,right0B0,Trường Chinh (Đông→vào),5.219612575326819,8.268302882168424,15.007956823863418,3.676025601121646
3900,B1B0,Tây Sơn (Tây→vào),1.9950074089013747,38.538134338111256,6.168621472243761,0.0
3960,A0B0,Nguyễn Trãi (Bắc→vào),1.981513763645474,35.91119067244924,7.121643474308467,0.0
3960,bottom1B0,Nguyễn Trãi (Nam→vào),6.76167465945862,1.7000507177357287,24.377367559217262,6.356317527978581
3960,right0B0,Trường Chinh (Đông→vào),0.0,40.46029334527459,0.0,0.0
3960,B1B0,Tây Sơn (Tây→vào),4.961367629482799,7.94606553202961,15.41488874490832,3.628032918690874
4020,A0B0,Nguyễn Trãi (Bắc→vào),9.785836088918446,10.845821109244415,28.39216801241121,6.029710446302161
4020,bottom1B0,Nguyễn Trãi (Nam→vào),0.9823933224755885,40.942226135231046,3.2424264736030266,0.0
4020,right0B0,Trường Chinh (Đông→vào),4.10646183711067,0.01813988639490162,14.946569667914732,4.359518904486863
4020,B1B0,Tây Sơn (Tây→vào),1.0182722032182039,26.988464173178183,3.4054734638394173,0.0
4080,A0B0,Nguyễn Trãi (Bắc→vào),3.061909891739398,33.9800717364707,9.720213856975255,0.0
4080,bottom1B0,Nguyễn Trãi (Nam→vào),8.172328401203153,2.907012266535837,27.287114697337238,6.687404282445298
4080,right0B0,Trường Chinh (Đông→vào),1.107082380043523,23.857071933490726,3.0728662904734763,0.0
4080,B1B0,Tây Sơn (Tây→vào),4.898396245903846,10.987160096712927,16.41922557569593,1.9700735296114744
4140,A0B0,Nguyễn Trãi (Bắc→vào),8.769490771917809,5.862344232437307,30.14921620952361,6.644726232994914
4140,bottom1B0,Nguyễn Trãi (Nam→vào),1.9186227271752123,31.683812671837366,6.638298347715454,0.0
4140,right0B0,Trường Chinh (Đông→vào),5.153994855643874,7.825734490872894,17.326018281510432,4.3570336804144265
4140,B1B0,Tây Sơn (Tây→vào),1.0564486146360446,37.30915706816128,3.390435126952238,0.0
4200,A0B0,Nguyễn Trãi (Bắc→vào),3.977210508469025,30.101968078269625,13.778539539971696,0.0
4200,bottom1B0,Nguyễn Trãi (Nam→vào),7.663937409214989,6.85713901509642,25.74915881748762,6.256505797289184
4200,right0B0,Trường Chinh (Đông→vào),1.917551878430876,40.139203424593276,6.966286766393656,0.0
4200,B1B0,Tây Sơn (Tây→vào),5.162648196956176,12.210332683073664,18.024474605302455,2.0442545624204054
4260,A0B0,Nguyễn Trãi (Bắc→vào),12.445952502722065,6.8895202409009375,38.05970096069717,9.562349370169699
4260,bottom1B0,Nguyễn Trãi (Nam→vào),2.0543154268305197,28.342443025923217,6.371086653167551,0.0
4260,right0B0,Trường Chinh (Đông→vào),5.800347087813392,18.537525006964238,21.33578433632023,4.148002847260867
4260,B1B0,Tây Sơn (Tây→vào),2.023216132306672,42.18826466858403,6.603215482035202,0.0
4320,A0B0,Nguyễn Trãi (Bắc→vào),2.0116685809140726,40.219670986744696,7.134963861045387,0.0
4320,bottom1B0,Nguyễn Trãi (Nam→vào),8.087475438691605,0.35834751978329343,26.076945008548556,6.375736104600035
4320,right0B0,Trường Chinh (Đông→vào),0.0,40.523381665272176,0.0,0.0
4320,B1B0,Tây Sơn (Tây→vào),5.0558988871936705,8.350849798175458,16.776573705434824,3.888761608230175
4380,A0B0,Nguyễn Trãi (Bắc→vào),9.305511103382353,7.296823618456234,30.387343234984044,2.808023856353997
4380,bottom1B0,Nguyễn Trãi (Nam→vào),1.0033789534744446,37.87997386084262,3.5937602583112898,0.0
4380,right0B0,Trường Chinh (Đông→vào),4.057823879737997,8.107550687377163,13.091825711211843,3.259349301132856
4380,B1B0,Tây Sơn (Tây→vào),1.031564411291927,35.49672360881729,3.176162002714106,0.0
4440,A0B0,Nguyễn Trãi (Bắc→vào),5.5628532540433,24.716907984711074,19.551435791971645,1.0127606708427936
4440,bottom1B0,Nguyễn Trãi (Nam→vào),6.888115074274944,4.548358812761024,23.860715403517816,5.337656280238164
4440,right0B0,Trường Chinh (Đông→vào),0.9764813672853603,37.14187545539373,3.0720662506211176,0.0
4440,B1B0,Tây Sơn (Tây→vào),4.840280537939164,7.708436570585344,17.198236376724314,4.040559455379556
4500,A0B0,Nguyễn Trãi (Bắc→vào),11.83491464926399,7.30757263598684,38.92245736476451,9.453264314769008
4500,bottom1B0,Nguyễn Trãi (Nam→vào),1.0747470655617197,33.59739381115235,3.524282979911249,0.0
4500,right0B0,Trường Chinh (Đông→vào),4.783542221076689,6.12882931717632,14.671743174911192,4.012077185684883
4500,B1B0,Tây Sơn (Tây→vào),1.0484139177295742,42.001704268450084,3.2019188135788905,0.0
4560,A0B0,Nguyễn Trãi (Bắc→vào),6.410995579934468,32.45740211742916,21.365481931362734,0.0
4560,bottom1B0,Nguyễn Trãi (Nam→vào),13.765580479009959,5.039409222598386,44.73911747465967,10.956148739878756
4560,right0B0,Trường Chinh (Đông→vào),2.0162753065105004,36.52421732078005,6.749559428134666,0.0
4560,B1B0,Tây Sơn (Tây→vào),10.293111165679639,11.226510655163764,33.03429194469416,6.268263998554023
4620,A0B0,Nguyễn Trãi (Bắc→vào),20.711226579792857,8.304458409962285,65.82240388054714,13.007439535409453
4620,bottom1B0,Nguyễn Trãi (Nam→vào),3.119002085279989,37.613785876550516,9.92040756430997,0.0
4620,right0B0,Trường Chinh (Đông→vào),9.82563746387578,6.509295006950205,33.67197701122923,7.015474332336469
4620,B1B0,Tây Sơn (Tây→vào),2.930647231100315,47.858005197599354,9.495731979028445,0.0
4680,A0B0,Nguyễn Trãi (Bắc→vào),7.300291558440005,30.209163098665357,24.157646133554877,0.0
4680,bottom1B0,Nguyễn Trãi (Nam→vào),13.866086972582869,1.300678849583785,48.21323164199897,11.909368873435842
4680,right0B0,Trường Chinh (Đông→vào),1.8724313676662079,35.88194783408936,6.795352396517661,0.0
4680,B1B0,Tây Sơn (Tây→vào),10.376692032298086,15.891389892867744,37.687320587268026,5.624905338323057
4740,A0B0,Nguyễn Trãi (Bắc→vào),19.08054771399839,8.805206286371648,67.65506494299554,13.332294179455896
4740,bottom1B0,Nguyễn Trãi (Nam→vào),5.124290186013441,27.818491638700763,18.362928336830937,0.0
4740,right0B0,Trường Chinh (Đông→vào),9.064091581231754,5.342378967348446,29.869358743421234,6.374652371021173
4740,B1B0,Tây Sơn (Tây→vào),3.103572803110165,38.82462176460753,9.846458390832712,0.0
4800,A0B0,Nguyễn Trãi (Bắc→vào),5.87182420609904,33.41581541985954,19.246472419642622,0.0
4800,bottom1B0,Nguyễn Trãi (Nam→vào),17.134758737415208,3.9309696383848993,53.742238562318285,14.741456617227426
4800,right0B0,Trường Chinh (Đông→vào),2.0625590393967337,35.71062862712295,6.252155329603181,0.0
4800,B1B0,Tây Sơn (Tây→vào),9.845326730139881,7.531501805210587,31.85168595790369,8.015565282760583
4860,A0B0,Nguyễn Trãi (Bắc→vào),18.41109771380167,6.426941843392662,59.78795885504379,12.450720536820052
4860,bottom1B0,Nguyễn Trãi (Nam→vào),1.9338074058933348,34.8595018015553,6.778437281084713,0.0
4860,right0B0,Trường Chinh (Đông→vào),8.836625769045718,4.032064008950852,30.076713087828246,8.137841961900143
4860,B1B0,Tây Sơn (Tây→vào),3.9236524212003343,34.967289332911044,12.822655907301483,0.0
4920,A0B0,Nguyễn Trãi (Bắc→vào),9.40208017720548,32.306557668703974,34.83329260362387,0.0
4920,bottom1B0,Nguyễn Trãi (Nam→vào),15.365229360589188,5.324699479418961,51.848531680752366,12.65998779020525
4920,right0B0,Trường Chinh (Đông→vào),1.9530597659797275,38.59551888855985,6.61378123672087,0.0
4920,B1B0,Tây Sơn (Tây→vào),12.007496471236614,11.694718573460625,38.69416771067058,6.564527942398696
4980,A0B0,Nguyễn Trãi (Bắc→vào),22.5288213247965,6.349740574297399,75.34389323591058,16.728759392540738
4980,bottom1B0,Nguyễn Trãi (Nam→vào),5.111632794007486,18.137481466757,16.82364778913155,2.0217231194810523
4980,right0B0,Trường Chinh (Đông→vào),9.299423299037754,5.23475743923789,27.82780911087743,6.929270864113708
4980,B1B0,Tây Sơn (Tây→vào),2.9852271773235866,38.14022623592004,9.966009872007797,0.0
5040,A0B0,Nguyễn Trãi (Bắc→vào),5.873010506386754,34.34528824886555,20.26203581207438,0.0
5040,bottom1B0,Nguyễn Trãi (Nam→vào),15.936225431274881,3.001731284365773,50.93382889761243,13.647229581012573
5040,right0B0,Trường Chinh (Đông→vào),0.9156332783020985,36.13212742181627,3.3646374014163603,0.0
5040,B1B0,Tây Sơn (Tây→vào),11.131732516546148,9.969310700715967,37.09035502948442,9.140153775436549
5100,A0B0,Nguyễn Trãi (Bắc→vào),16.80957034888104,7.043436482916686,64.00855830003651,12.738704822916016
5100,bottom1B0,Nguyễn Trãi (Nam→vào),4.75068829309963,23.8534083229162,17.70697912004928,1.0122052194489175
5100,right0B0,Trường Chinh (Đông→vào),9.179898402025547,9.297759639868891,29.621223998545553,6.081961206855636
5100,B1B0,Tây Sơn (Tây→vào),2.864178141695991,37.721246560686005,10.181727168919537,0.0
5160,A0B0,Nguyễn Trãi (Bắc→vào),9.810918722980306,20.087875745921746,29.316503555699637,0.0
5160,bottom1B0,Nguyễn Trãi (Nam→vào),18.104344053118155,5.448676811735271,53.39066235678722,15.006443857941525
5160,right0B0,Trường Chinh (Đông→vào),2.946560404340786,27.454527521467522,9.853110539923936,0.0
5160,B1B0,Tây Sơn (Tây→vào),12.442509341080253,15.524763562025932,37.85573395714628,5.365003665308841
5220,A0B0,Nguyễn Trãi (Bắc→vào),20.019701435989628,4.79987935981065,72.5003876892073,14.51052387740599
5220,bottom1B0,Nguyễn Trãi (Nam→vào),1.979456244213237,29.653054480786402,7.332798798524843,0.0
5220,right0B0,Trường Chinh (Đông→vào),8.572490075290238,4.172912763583912,28.23507792085605,8.01236691121308
5220,B1B0,Tây Sơn (Tây→vào),2.9491450386149154,22.015797040330654,9.581268297957404,0.0
5280,A0B0,Nguyễn Trãi (Bắc→vào),11.462169475601566,16.398827426446182,37.09865926604102,0.0
5280,bottom1B0,Nguyễn Trãi (Nam→vào),13.704509682605739,5.199327264533754,54.027790371249054,10.396299340138238
5280,right0B0,Trường Chinh (Đông→vào),1.021721182177293,33.19532918954889,3.1292913208152253,0.0
5280,B1B0,Tây Sơn (Tây→vào),11.130754581282751,11.266536315149066,37.12357037483144,7.546503370631251
5340,A0B0,Nguyễn Trãi (Bắc→vào),23.287020053163847,8.061115474834608,87.28519540325244,13.2105534645758
5340,bottom1B0,Nguyễn Trãi (Nam→vào),3.710788429122309,38.73129216247362,12.231854763866291,0.0
5340,right0B0,Trường Chinh (Đông→vào),9.03245827847124,4.91948810832344,28.07839618973125,5.774132424831413
5340,B1B0,Tây Sơn (Tây→vào),4.867626822734049,33.35895763570116,16.31398743450586,0.0
5400,A0B0,Nguyễn Trãi (Bắc→vào),12.139605726812821,21.964442169024437,38.95882317428918,0.0
5400,bottom1B0,Nguyễn Trãi (Nam→vào),15.016389109142581,5.306775860043956,52.03150321938411,11.785116906026477
5400,right0B0,Trường Chinh (Đông→vào),2.1601778891320915,28.808320038461336,6.747557267602276,0.0
5400,B1B0,Tây Sơn (Tây→vào),11.856386623516187,8.448219170123718,36.450075880715744,8.848827348731934
5460,A0B0,Nguyễn Trãi (Bắc→vào),30.362404011805015,7.825860365454035,109.41586407231102,27.381325267580586
5460,bottom1B0,Nguyễn Trãi (Nam→vào),11.098601599225974,15.929622304992257,35.60816908086652,3.005336471547694
5460,right0B0,Trường Chinh (Đông→vào),15.164997512978823,5.088257415026365,53.186118042353094,11.964530064685595
5460,B1B0,Tây Sơn (Tây→vào),7.475715651334153,29.510800784277638,22.600825000615867,0.0
5520,A0B0,Nguyễn Trãi (Bắc→vào),20.835111245914575,18.859378931129754,64.54493844607117,0.0
5520,bottom1B0,Nguyễn Trãi (Nam→vào),27.481775929851835,2.7872188573087517,92.43509224862039,23.42029564353926
5520,right0B0,Trường Chinh (Đông→vào),4.292660578243912,28.905799709729457,13.84160493944992,0.0
5520,B1B0,Tây Sơn (Tây→vào),17.870675098393292,9.644490466304697,64.75197385080858,12.510771344906875
5580,A0B0,Nguyễn Trãi (Bắc→vào),35.81645966441297,6.717266808783871,112.93851130274898,24.11591933756067
5580,bottom1B0,Nguyễn Trãi (Nam→vào),20.98076646445392,6.949518022507807,75.30578397916291,2.096899787027586
5580,right0B0,Trường Chinh (Đông→vào),13.727133137790963,4.105344055298269,44.25359730762554,9.81908373145783
5580,B1B0,Tây Sơn (Tây→vào),6.518159848355292,23.15152027288983,23.607484875584444,1.951024981709879
5640,A0B0,Nguyễn Trãi (Bắc→vào),26.825696230858725,13.74567007421047,80.49746038436348,1.0454300679946056
5640,bottom1B0,Nguyễn Trãi (Nam→vào),38.56666574065739,1.195278380836145,132.9010939590299,36.055954057988075
5640,right0B0,Trường Chinh (Đông→vào),3.7058387410994684,36.9994651140335,12.79528084044349,0.0
5640,B1B0,Tây Sơn (Tây→vào),18.035199872852836,11.973203975060587,59.27134498475252,13.00909039421244
5700,A0B0,Nguyễn Trãi (Bắc→vào),45.70540615676295,4.211351850693749,155.353651023618,37.62267878422006
5700,bottom1B0,Nguyễn Trãi (Nam→vào),32.29909618023629,4.424434044495447,104.58149266792118,4.084993179487229
5700,right0B0,Trường Chinh (Đông→vào),15.39771162418425,2.7145745605246283,45.23437723046989,10.837819840376751
5700,B1B0,Tây Sơn (Tây→vào),9.165544986402931,28.380306001392952,28.601929318342236,0.0
5760,A0B0,Nguyễn Trãi (Bắc→vào),37.7666574515606,8.65141556117859,120.61565074452695,1.90179805801697
5760,bottom1B0,Nguyễn Trãi (Nam→vào),44.67458541792512,1.1603050347906556,156.91851064790023,41.75482694499133
5760,right0B0,Trường Chinh (Đông→vào),3.573590743853738,26.281172245597325,13.51227114989494,0.0
5760,B1B0,Tây Sơn (Tây→vào),19.254325889226642,5.722934687894101,61.370734869691624,14.058786702320118
5820,A0B0,Nguyễn Trãi (Bắc→vào),53.723764933131086,3.806695594810109,191.06427992400424,36.68233828731267
5820,bottom1B0,Nguyễn Trãi (Nam→vào),45.04467830158672,2.9788294614170567,149.24320756260957,14.581722300367582
5820,right0B0,Trường Chinh (Đông→vào),14.540927400705145,5.841648141999657,48.97090419445947,11.194694900177456
5820,B1B0,Tây Sơn (Tây→vào),4.964802278395904,40.570162108888006,17.802558243880117,0.0
5880,A0B0,Nguyễn Trãi (Bắc→vào),48.45175453081158,9.019900568674307,145.35519094050557,1.9415125865067
5880,bottom1B0,Nguyễn Trãi (Nam→vào),62.486850559080565,0.34293446944218586,181.73489636738975,48.88586118766862
5880,right0B0,Trường Chinh (Đông→vào),2.976204774444197,22.425481873380797,10.805468497505949,0.0
5880,B1B0,Tây Sơn (Tây→vào),17.06791162245677,9.730372359631415,67.647983857821,11.395264230225873
5940,A0B0,Nguyễn Trãi (Bắc→vào),58.641014576946056,2.264297568899635,209.01013458969487,39.37613708716684
5940,bottom1B0,Nguyễn Trãi (Nam→vào),52.686968645502006,1.823954241548536,162.56845763441834,20.0630023683347
5940,right0B0,Trường Chinh (Đông→vào),13.962352214427176,7.642126181119582,45.9425322141432,8.14862418600964
5940,B1B0,Tây Sơn (Tây→vào),4.353585982715977,43.735225830073446,13.142189470488718,0.0
6000,A0B0,Nguyễn Trãi (Bắc→vào),57.37128238619773,7.371923258616966,188.19572351028856,1.998768070707069
6000,bottom1B0,Nguyễn Trãi (Nam→vào),66.09562945972263,0.3924467006578323,198.3094255598206,50.4365333396448
6000,right0B0,Trường Chinh (Đông→vào),2.925105660219127,26.14093138964235,10.28978057123824,0.0
6000,B1B0,Tây Sơn (Tây→vào),15.99279779854553,9.084239827840861,58.15311297176684,10.98460964890838
6060,A0B0,Nguyễn Trãi (Bắc→vào),71.38081214162861,2.756025032906736,231.31992975225867,43.48495365494689
6060,bottom1B0,Nguyễn Trãi (Nam→vào),47.223196141887406,2.8406765579948012,169.04309498889603,19.900267129355885
6060,right0B0,Trường Chinh (Đông→vào),15.489928812704614,5.551793917970055,51.45663250262344,9.44444754954122
6060,B1B0,Tây Sơn (Tây→vào),6.712514662271465,35.304990271175214,23.53361752183769,0.0
6120,A0B0,Nguyễn Trãi (Bắc→vào),72.9347122130772,4.043696007742012,229.39754539795345,7.562670456845047
6120,bottom1B0,Nguyễn Trãi (Nam→vào),63.02034031231281,0.5673571347324329,218.43796464151725,51.7367375012802
6120,right0B0,Trường Chinh (Đông→vào),2.0931573012874245,24.169115741395924,6.872095843268969,0.0
6120,B1B0,Tây Sơn (Tây→vào),17.327208321189985,11.105258077255135,51.76340160653612,11.741196337056294
6180,A0B0,Nguyễn Trãi (Bắc→vào),89.2951294605386,2.495761832571894,302.46586054465956,41.995920374016826
6180,bottom1B0,Nguyễn Trãi (Nam→vào),55.88586492682079,2.616623521302341,183.0226632972813,15.551606066781181
6180,right0B0,Trường Chinh (Đông→vào),13.541648613199426,6.699745323205187,50.978622493980986,10.541829802462193
6180,B1B0,Tây Sơn (Tây→vào),6.1338216604446245,36.6736462968069,19.82582726619504,0.0
6240,A0B0,Nguyễn Trãi (Bắc→vào),84.04357103453465,2.9571916274342502,310.57341689083995,32.3261587650297
6240,bottom1B0,Nguyễn Trãi (Nam→vào),63.83294040319136,0.5643846020725946,214.15792036279228,53.10223997589944
6240,right0B0,Trường Chinh (Đông→vào),2.8083093638520573,35.85883861586005,10.293629583401396,0.0
6240,B1B0,Tây Sơn (Tây→vào),17.1466997300638,10.220081781462575,57.571972737412885,9.472202824744535
6300,A0B0,Nguyễn Trãi (Bắc→vào),110.05336540769322,1.5595476338817633,325.2261967862987,63.769142891251484
6300,bottom1B0,Nguyễn Trãi (Nam→vào),59.471975260041646,2.7502051267559193,198.41139808386515,14.353261530393343
6300,right0B0,Trường Chinh (Đông→vào),12.922885088028575,3.025504861508572,45.96010393782118,9.215493992334208
6300,B1B0,Tây Sơn (Tây→vào),6.085747841880763,39.10375416027396,19.6762082957134,0.0
6360,A0B0,Nguyễn Trãi (Bắc→vào),99.07290809893674,2.258355036407994,283.7745789378687,46.896290922236005
6360,bottom1B0,Nguyễn Trãi (Nam→vào),75.82268438011447,0.35450813285919197,249.78046466903191,64.32817018792406
6360,right0B0,Trường Chinh (Đông→vào),0.9794536384583131,42.50893630849106,3.182611191252828,0.0
6360,B1B0,Tây Sơn (Tây→vào),11.60845879053294,7.1605505574167365,36.03936924010057,8.635310442859705
6420,A0B0,Nguyễn Trãi (Bắc→vào),102.14378219230807,0.6459810757438026,331.9732051983775,65.88449468599796
6420,bottom1B0,Nguyễn Trãi (Nam→vào),65.68405577558778,2.2018663292668563,185.99223089804585,16.54522362789306
6420,right0B0,Trường Chinh (Đông→vào),4.036646887444381,12.760919050886834,12.25592136809187,2.9661852826157853
6420,B1B0,Tây Sơn (Tây→vào),3.7551061936559,33.19042234051318,13.654369855903093,0.0
6480,A0B0,Nguyễn Trãi (Bắc→vào),81.04850748328136,2.735888426315344,282.4205789055396,29.101383392442497
6480,bottom1B0,Nguyễn Trãi (Nam→vào),79.02588695264406,0.46903503176997813,212.12865325358877,57.717452139027756
6480,right0B0,Trường Chinh (Đông→vào),1.086183286039165,38.89532410881832,3.463794258700746,0.0
6480,B1B0,Tây Sơn (Tây→vào),6.93716827535109,9.237159591460173,23.65076017499069,6.119109990004647
6540,A0B0,Nguyễn Trãi (Bắc→vào),93.17986022460406,1.3779091407748063,305.3639700548419,63.72230447481538
6540,bottom1B0,Nguyễn Trãi (Nam→vào),46.14210522832074,3.409430521779711,133.89573876791945,16.471157454783878
6540,right0B0,Trường Chinh (Đông→vào),3.7785908635913024,8.38701501937107,13.890191334077953,4.19748102900928
6540,B1B0,Tây Sơn (Tây→vào),1.9105272981044172,34.20017199306873,6.783456030030519,0.0
6600,A0B0,Nguyễn Trãi (Bắc→vào),72.25164378141166,3.9496716416340054,261.1299869212761,16.07722631742247
6600,bottom1B0,Nguyễn Trãi (Nam→vào),64.69780309456335,1.0364310554818894,224.6220745859743,51.323533517814305
6600,right0B0,Trường Chinh (Đông→vào),0.9997439066639965,32.616878395504784,3.397610728491315,0.0
6600,B1B0,Tây Sơn (Tây→vào),5.950967130442646,18.615936558605277,19.833072069891436,3.6238403144051885
6660,A0B0,Nguyễn Trãi (Bắc→vào),79.31654074031584,1.670046702059061,270.6180862736103,54.12575699127173
6660,bottom1B0,Nguyễn Trãi (Nam→vào),61.01132330474409,1.951551552219118,195.93830941185746,15.30639579494126
6660,right0B0,Trường Chinh (Đông→vào),4.0181169813803495,8.671124421495598,14.167462476959987,3.0178838791691085
6660,B1B0,Tây Sơn (Tây→vào),1.0321969396638428,46.041968845113075,3.2461215356090967,0.0
6720,A0B0,Nguyễn Trãi (Bắc→vào),52.05450090701004,3.0380224003839102,189.12406835166624,18.842150050147755
6720,bottom1B0,Nguyễn Trãi (Nam→vào),64.84166519372711,0.30841031734951857,211.4767076634007,59.08187217655093
6720,right0B0,Trường Chinh (Đông→vào),0.9578384864853564,42.05965619356514,3.4647871068344784,0.0
6720,B1B0,Tây Sơn (Tây→vào),4.695296734894093,15.410279017161802,17.915670339821283,3.062068847578532
6780,A0B0,Nguyễn Trãi (Bắc→vào),62.14600480748156,0.8741441272055033,211.69622034354103,47.44255360818184
6780,bottom1B0,Nguyễn Trãi (Nam→vào),44.24822225842317,3.022854825884961,146.8141970415518,10.037856643978419
6780,right0B0,Trường Chinh (Đông→vào),4.183180508471203,8.318099272980369,13.542379581292801,3.0009025020654105
6780,B1B0,Tây Sơn (Tây→vào),1.8673607282260436,42.69071438691442,6.585075403970699,0.0
6840,A0B0,Nguyễn Trãi (Bắc→vào),49.07504715685632,7.040787278660511,171.10808896641487,2.1165307535547178
6840,bottom1B0,Nguyễn Trãi (Nam→vào),50.741159473332694,0.1324618831743225,153.81763434425645,51.95374559424799
6840,right0B0,Trường Chinh (Đông→vào),0.983616345281902,40.82914898131413,3.1952296039312995,0.0
6840,B1B0,Tây Sơn (Tây→vào),5.250689456326151,13.3934226206702,16.01497334809323,2.0589546886035603
6900,A0B0,Nguyễn Trãi (Bắc→vào),58.53362899546119,1.5701798917312457,167.95661788233164,42.410554854332474
6900,bottom1B0,Nguyễn Trãi (Nam→vào),39.47418649876907,2.6729880028773167,117.39057898703311,4.978030814396095
6900,right0B0,Trường Chinh (Đông→vào),3.96909886415002,8.151527912382658,12.722911175371314,4.188057892976718
6900,B1B0,Tây Sơn (Tây→vào),2.8956086082493946,26.095211482290686,9.899447672740585,0.0
6960,A0B0,Nguyễn Trãi (Bắc→vào),39.552282366239,5.1810622893322495,140.7527540616369,8.08464389311802
6960,bottom1B0,Nguyễn Trãi (Nam→vào),44.53349294079669,0.05845822514185431,144.86988447359067,44.90574701307109
6960,right0B0,Trường Chinh (Đông→vào),1.0088286679226854,37.85921340675944,3.1612148935168123,0.0
6960,B1B0,Tây Sơn (Tây→vào),6.620464174718322,13.71058226815386,23.266553984493235,5.300076564564831
7020,A0B0,Nguyễn Trãi (Bắc→vào),47.21265098682551,0.7987346520205396,164.8855441875176,42.60765422960993
7020,bottom1B0,Nguyễn Trãi (Nam→vào),26.296696829180576,5.075859094737008,82.43782886418848,2.9466452526643447
7020,right0B0,Trường Chinh (Đông→vào),4.503494807506784,8.109351662094035,12.725965253633767,3.0503761885399534
7020,B1B0,Tây Sơn (Tây→vào),1.0938422305640836,37.68596941393766,3.4260821840630498,0.0
7080,A0B0,Nguyễn Trãi (Bắc→vào),27.76279714168971,9.124120933810925,95.59623841503253,2.038288573638505
7080,bottom1B0,Nguyễn Trãi (Nam→vào),32.52581745344386,0.1323134667414257,113.5611657989021,26.162539479656346
7080,right0B0,Trường Chinh (Đông→vào),0.9268278999081498,43.66821710980499,3.330725762147314,0.0
7080,B1B0,Tây Sơn (Tây→vào),4.852323246509128,17.68848976822293,17.251731401135444,3.067765290141147
7140,A0B0,Nguyễn Trãi (Bắc→vào),37.58386925664213,2.9731179332235533,116.95003554805128,33.787923406490215
7140,bottom1B0,Nguyễn Trãi (Nam→vào),14.844097534621765,4.670884355274719,46.6388022800832,3.767514243972014
7140,right0B0,Trường Chinh (Đông→vào),3.854183232451278,8.291999664691653,13.192543501924801,3.857579591624212
7140,B1B0,Tây Sơn (Tây→vào),2.9018780339898305,28.951424919556594,9.392054537947935,1.0685270494307066
7200,A0B0,Nguyễn Trãi (Bắc→vào),18.74534651877441,11.299703154735345,64.52782718245959,1.9515969868427323
7200,bottom1B0,Nguyễn Trãi (Nam→vào),20.829200783427847,1.4011539897976193,72.40012162346132,22.242920312402987
7200,right0B0,Trường Chinh (Đông→vào),0.9468792794070219,29.315288628079436,3.274513785503374,0.0
7200,B1B0,Tây Sơn (Tây→vào),5.841168171790178,12.479565315512549,18.97771971835267,5.102009044220317
7260,A0B0,Nguyễn Trãi (Bắc→vào),9.727593479324373,9.64410588582484,29.003060999905305,4.62483264930454
7260,bottom1B0,Nguyễn Trãi (Nam→vào),1.006551355809671,32.97442915794475,3.393092603081513,0.0
7260,right0B0,Trường Chinh (Đông→vào),3.79953120386184,8.244666533950364,12.405899558106995,2.919328298046429
7260,B1B0,Tây Sơn (Tây→vào),0.9945136274152855,40.32050331372327,3.572760268635166,0.0
7320,A0B0,Nguyễn Trãi (Bắc→vào),1.996438926380991,38.16482831511201,6.618988379520773,0.0
7320,bottom1B0,Nguyễn Trãi (Nam→vào),6.522340421729453,2.3519483434081274,23.671375628557513,6.192064097798628
7320,right0B0,Trường Chinh (Đông→vào),0.0,38.571468338587465,0.0,0.0
7320,B1B0,Tây Sơn (Tây→vào),4.814451976500641,7.846093223879803,17.930725357826184,4.049589512170375
7380,A0B0,Nguyễn Trãi (Bắc→vào),8.369743102874974,7.576869259917725,26.2582407288569,5.957581349356859
7380,bottom1B0,Nguyễn Trãi (Nam→vào),1.0017305937092629,40.12209013441248,3.2341398561913546,0.0
7380,right0B0,Trường Chinh (Đông→vào),3.943440850170486,15.009225056495247,13.115975418070503,2.9197782992672163
7380,B1B0,Tây Sơn (Tây→vào),1.9893818069377425,33.474889787948364,6.836974581129653,0.0
7440,A0B0,Nguyễn Trãi (Bắc→vào),2.0223122018406166,38.41943000293625,6.631923534847472,0.0
7440,bottom1B0,Nguyễn Trãi (Nam→vào),8.246725679875912,3.2545877656437527,26.14000121925962,5.8404367518171725
7440,right0B0,Trường Chinh (Đông→vào),0.950014388566531,34.14490765521202,3.577505755430662,0.0
7440,B1B0,Tây Sơn (Tây→vào),5.687523710213618,12.401314722083164,19.885790108222164,4.08204240313591
7500,A0B0,Nguyễn Trãi (Bắc→vào),8.441871686161011,8.560832318267227,29.73315711720131,5.860269550542577
7500,bottom1B0,Nguyễn Trãi (Nam→vào),0.9793831563897635,30.020053185539346,3.3481222482492994,0.0
7500,right0B0,Trường Chinh (Đông→vào),4.645789476850782,7.82649159489713,18.154795083827178,3.6524570809725736
7500,B1B0,Tây Sơn (Tây→vào),2.0443812709383105,44.12453204399251,6.786112429560587,0.0
7560,A0B0,Nguyễn Trãi (Bắc→vào),2.0463369806032685,36.26325059604765,6.988002907092704,0.0
7560,bottom1B0,Nguyễn Trãi (Nam→vào),6.464249659960153,1.8341820681239691,22.487632516746846,5.8519795978851965
7560,right0B0,Trường Chinh (Đông→vào),0.0,40.81788295728637,0.0,0.0
7560,B1B0,Tây Sơn (Tây→vào),5.183895773107094,8.4927926641285,17.05009595761174,3.5349257250251425
7620,A0B0,Nguyễn Trãi (Bắc→vào),10.18719322585313,10.118704771887638,34.98057226155481,6.071047835036408
7620,bottom1B0,Nguyễn Trãi (Nam→vào),1.0315990741880698,39.989892236696704,3.339708746058377,0.0
7620,right0B0,Trường Chinh (Đông→vào),3.71914618038185,0.01865584281066691,12.475425883166453,3.9093123403262813
7620,B1B0,Tây Sơn (Tây→vào),1.0165520077498098,25.7573080257689,3.1063129432578838,0.0
7680,A0B0,Nguyễn Trãi (Bắc→vào),2.954607036079433,34.838141158009094,9.286431798906879,0.0
7680,bottom1B0,Nguyễn Trãi (Nam→vào),7.806883936510142,2.989295390708852,24.31014105571228,6.942616274990551
7680,right0B0,Trường Chinh (Đông→vào),1.0435277804709864,24.069928631351523,3.351245735151857,0.0
7680,B1B0,Tây Sơn (Tây→vào),5.3698186276685576,10.208806831827847,17.604555352155383,1.7724263596278247
7740,A0B0,Nguyễn Trãi (Bắc→vào),9.807466524570163,5.542214999839364,29.97987631961279,7.22434675178824
7740,bottom1B0,Nguyễn Trãi (Nam→vào),2.1314807871505903,28.806057597669568,5.913490740641427,0.0
7740,right0B0,Trường Chinh (Đông→vào),4.972566454592454,7.373622829903325,16.508029770380205,3.797463229722368
7740,B1B0,Tây Sơn (Tây→vào),1.0176360081513172,35.15255885138745,3.3058695472111763,0.0
7800,A0B0,Nguyễn Trãi (Bắc→vào),4.153364574356849,31.33760074210708,14.730297566837791,0.0
7800,bottom1B0,Nguyễn Trãi (Nam→vào),8.048471179719785,7.468133470970078,24.72412516380871,5.841472160665343
7800,right0B0,Trường Chinh (Đông→vào),2.0130764187911545,39.053945942183276,6.536767621173557,0.0
7800,B1B0,Tây Sơn (Tây→vào),5.205938282969046,12.987162960385811,18.088572331331815,1.8661617588676156
7860,A0B0,Nguyễn Trãi (Bắc→vào),11.96443041238444,7.157576351951422,40.899956682693094,9.47129187873319
7860,bottom1B0,Nguyễn Trãi (Nam→vào),1.927071306362634,29.496444986073826,6.8547804130567,0.0
7860,right0B0,Trường Chinh (Đông→vào),5.875658080249242,19.20732066440878,20.11458443702388,3.867459718328947
7860,B1B0,Tây Sơn (Tây→vào),2.0633910377733744,40.155834410528605,6.776986678611399,0.0
7920,A0B0,Nguyễn Trãi (Bắc→vào),2.0002993291199958,44.80874319227797,6.92621613691835,0.0
7920,bottom1B0,Nguyễn Trãi (Nam→vào),8.136083990747336,0.3682475545880375,25.58767141670433,7.0341613973734045
7920,right0B0,Trường Chinh (Đông→vào),0.0,39.17178367296176,0.0,0.0
7920,B1B0,Tây Sơn (Tây→vào),4.9062896342755975,7.57618464274673,15.522807935878438,3.8941455386600214
7980,A0B0,Nguyễn Trãi (Bắc→vào),9.340311673633414,7.341478240092397,30.492551959247308,3.0109912971878545
7980,bottom1B0,Nguyễn Trãi (Nam→vào),1.0189421301729198,35.108168227463416,3.3627871815316666,0.0
7980,right0B0,Trường Chinh (Đông→vào),3.753037382617704,8.608124701275251,12.922148212756731,2.9863693605561057
7980,B1B0,Tây Sơn (Tây→vào),1.0721152395593123,37.89967858628507,3.329219498866981,0.0
8040,A0B0,Nguyễn Trãi (Bắc→vào),5.849776576872925,22.105635914671115,19.377459847334446,0.9892812445147443
8040,bottom1B0,Nguyễn Trãi (Nam→vào),6.420716629885185,5.296784166723278,22.082699647016742,4.639505316089997
8040,right0B0,Trường Chinh (Đông→vào),0.9477478145206849,36.223735443114315,3.2740701033100863,0.0
8040,B1B0,Tây Sơn (Tây→vào),4.744738709830419,7.40088740885124,15.746991070713026,4.1829248107973696
8100,A0B0,Nguyễn Trãi (Bắc→vào),12.03130399119452,7.479856818126726,40.6455949281865,9.315832851224442
8100,bottom1B0,Nguyễn Trãi (Nam→vào),0.9863074747226881,34.16803405720263,3.1413382523995086,0.0
8100,right0B0,Trường Chinh (Đông→vào),4.915792008089852,7.3034347596867235,17.260326052109594,3.8360492142458313
8100,B1B0,Tây Sơn (Tây→vào),1.030985098274124,40.32761125250402,3.136106513329662,0.0
8160,A0B0,Nguyễn Trãi (Bắc→vào),7.118956376417447,31.36985858026701,22.672332036737416,0.0
8160,bottom1B0,Nguyễn Trãi (Nam→vào),14.221233509451,5.484584120396179,45.20958163744111,11.81256651573607
8160,right0B0,Trường Chinh (Đông→vào),2.040982845732869,36.405088983858256,7.1087376620704275,0.0
8160,B1B0,Tây Sơn (Tây→vào),10.30806733400112,11.158807124961799,33.88347773786189,5.606459050266836
8220,A0B0,Nguyễn Trãi (Bắc→vào),17.892046658222558,8.309358744159766,65.96121712928864,13.436298207548905
8220,bottom1B0,Nguyễn Trãi (Nam→vào),2.9453342621603307,39.474711624815754,10.24935972053486,0.0
8220,right0B0,Trường Chinh (Đông→vào),8.909894967755264,6.3432650949860445,29.821047874322975,6.798051270017863
8220,B1B0,Tây Sơn (Tây→vào),3.0054089890196694,46.424597895975005,9.978433205179547,0.0
8280,A0B0,Nguyễn Trãi (Bắc→vào),6.998378459721479,30.308370465487364,25.663399915535926,0.0
8280,bottom1B0,Nguyễn Trãi (Nam→vào),14.731872592352778,1.2325242484900982,46.97581072071468,12.535713489793773
8280,right0B0,Trường Chinh (Đông→vào),2.118763439272112,36.49115775571536,6.689638854942597,0.0
8280,B1B0,Tây Sơn (Tây→vào),11.111526276538802,16.676865582961227,37.67191116481702,5.814316034222591
8340,A0B0,Nguyễn Trãi (Bắc→vào),19.4996389226031,7.947166147845593,69.65236573780187,12.57335891919373
8340,bottom1B0,Nguyễn Trãi (Nam→vào),5.121290278136435,27.728742858004836,15.002411131480237,0.0
8340,right0B0,Trường Chinh (Đông→vào),8.76243706320406,4.970046423205268,27.47651027731346,7.384717044441734
8340,B1B0,Tây Sơn (Tây→vào),2.9997911022834978,39.45502048263793,10.105145645543075,0.0
8400,A0B0,Nguyễn Trãi (Bắc→vào),6.295840895088229,32.30626722985481,19.285123438102488,0.0
8400,bottom1B0,Nguyễn Trãi (Nam→vào),16.52589435590899,4.402927318455557,60.3844267767108,15.587350942729477
8400,right0B0,Trường Chinh (Đông→vào),2.08056786392425,34.645777848086,6.56193661713176,0.0
8400,B1B0,Tây Sơn (Tây→vào),10.33870068434615,7.915755644389016,30.10881434932373,8.028167650930916
8460,A0B0,Nguyễn Trãi (Bắc→vào),17.14068736458226,6.554126543346584,56.195958249468006,12.23546979418177
8460,bottom1B0,Nguyễn Trãi (Nam→vào),2.09738941282174,31.375259532612525,5.750395498856148,0.0
8460,right0B0,Trường Chinh (Đông→vào),9.314354855417177,3.4254141608079056,29.648811694075633,7.747966995897732
8460,B1B0,Tây Sơn (Tây→vào),4.020385177474531,35.043067717910844,13.207413721559199,0.0
8520,A0B0,Nguyễn Trãi (Bắc→vào),9.618838270986174,29.700526560860173,32.625569224741994,0.0
8520,bottom1B0,Nguyễn Trãi (Nam→vào),14.355595486068323,5.201327132221976,52.697197597574345,11.913429372887848
8520,right0B0,Trường Chinh (Đông→vào),1.9462337423096978,39.10999600120963,7.066526587502839,0.0
8520,B1B0,Tây Sơn (Tây→vào),12.325556677975175,11.72036878184409,39.659223153287776,7.294744435698172
8580,A0B0,Nguyễn Trãi (Bắc→vào),20.94881231585846,7.420683548657852,65.50582546414599,16.219909493195114
8580,bottom1B0,Nguyễn Trãi (Nam→vào),5.109378062154968,19.38732984602995,17.181411605103225,2.280956897009639
8580,right0B0,Trường Chinh (Đông→vào),8.441210012004724,4.908298087760503,30.833040342762864,6.842015442162461
8580,B1B0,Tây Sơn (Tây→vào),2.9693897123341726,36.15058446873507,10.154695785078474,0.0
8640,A0B0,Nguyễn Trãi (Bắc→vào),6.032894326372203,34.886877338741,20.981479749308114,0.0
8640,bottom1B0,Nguyễn Trãi (Nam→vào),17.956104116047133,2.825373813717477,50.22681115657217,15.194264230689349
8640,right0B0,Trường Chinh (Đông→vào),0.9311342172239816,36.53769314519445,3.6677590851077535,0.0
8640,B1B0,Tây Sơn (Tây→vào),12.88320873989408,11.063740159826743,38.081144493716266,9.13361214183125
8700,A0B0,Nguyễn Trãi (Bắc→vào),18.13485817258855,6.713844317179028,62.24766878160256,12.124578343293281
8700,bottom1B0,Nguyễn Trãi (Nam→vào),5.102792979503991,22.710265072519487,15.260848798860634,1.010533343886231
8700,right0B0,Trường Chinh (Đông→vào),9.053256561024693,8.28129429413341,28.604602969094923,5.663570686194824
8700,B1B0,Tây Sơn (Tây→vào),3.066709022729285,34.84006944058178,10.758184323362666,0.0
8760,A0B0,Nguyễn Trãi (Bắc→vào),9.92315744781899,22.747666883385424,32.89817130999563,0.0
8760,bottom1B0,Nguyễn Trãi (Nam→vào),18.23594265423884,4.807650681708843,59.046794713253014,14.066807326941415
8760,right0B0,Trường Chinh (Đông→vào),2.9315293283662918,28.196199105584792,10.118477694359623,0.0
8760,B1B0,Tây Sơn (Tây→vào),12.679340743307549,15.783306780684567,39.790083687999655,5.704975206402291
8820,A0B0,Nguyễn Trãi (Bắc→vào),20.323414523776325,4.385242670326403,74.77347613726442,16.5502089052799
8820,bottom1B0,Nguyễn Trãi (Nam→vào),1.9939748153598713,28.962892691293558,6.588109780802289,0.0
8820,right0B0,Trường Chinh (Đông→vào),8.517616851469402,4.085769995409486,27.328892838654795,8.443667924596852
8820,B1B0,Tây Sơn (Tây→vào),3.0682535580521275,22.702218747942602,9.598379954024148,0.0
8880,A0B0,Nguyễn Trãi (Bắc→vào),11.794819276309592,15.333612792153314,37.67752735581525,0.0
8880,bottom1B0,Nguyễn Trãi (Nam→vào),14.94198286513436,4.757864581907948,50.98877276590626,12.609309129889759
8880,right0B0,Trường Chinh (Đông→vào),0.9901557150648045,30.671893731292986,3.0718497425982645,0.0
8880,B1B0,Tây Sơn (Tây→vào),10.38696067031264,11.243830019491524,35.339026642042974,6.997233419619367
8940,A0B0,Nguyễn Trãi (Bắc→vào),23.72484881573723,8.017895221255678,77.67311460319101,14.19168967881592
8940,bottom1B0,Nguyễn Trãi (Nam→vào),3.6814411480556943,37.96869783948586,13.089359695083752,0.0
8940,right0B0,Trường Chinh (Đông→vào),8.589204905976528,4.8020350078759835,27.936129617097674,5.44435144337964
8940,B1B0,Tây Sơn (Tây→vào),5.056696511527284,36.002477353254875,16.143346937048634,0.0
9000,A0B0,Nguyễn Trãi (Bắc→vào),12.791407918644838,21.489706520140388,38.54277902948095,0.0
9000,bottom1B0,Nguyễn Trãi (Nam→vào),17.106908145922127,5.334448415967199,51.928833149404795,10.918560177498735
9000,right0B0,Trường Chinh (Đông→vào),1.94134149149291,27.87239748172156,6.936720589018597,0.0
9000,B1B0,Tây Sơn (Tây→vào),12.861180093987265,9.01758049185965,39.70837908382237,8.80064453104134
9060,A0B0,Nguyễn Trãi (Bắc→vào),32.39000396864264,7.586131361205461,104.57611455469284,24.950367147066277
9060,bottom1B0,Nguyễn Trãi (Nam→vào),10.916813794289494,15.191770620765428,36.92353023747691,3.066368190745457
9060,right0B0,Trường Chinh (Đông→vào),15.324445838794613,4.840609359308036,47.958562231361064,10.832565280428833
9060,B1B0,Tây Sơn (Tây→vào),7.0216707692879865,28.725026189960513,21.995048351339353,0.0
9120,A0B0,Nguyễn Trãi (Bắc→vào),20.110395725612218,19.19507988045067,63.53291363322746,0.0
9120,bottom1B0,Nguyễn Trãi (Nam→vào),26.448750230183997,2.7205287489120202,87.14334076212845,20.79094668522054
9120,right0B0,Trường Chinh (Đông→vào),3.7203780680402296,30.461722962451784,12.557370191368483,0.0
9120,B1B0,Tây Sơn (Tây→vào),17.533556057604024,9.25894341497452,63.846185902706445,11.999662141726224
9180,A0B0,Nguyễn Trãi (Bắc→vào),38.20850303407027,6.6088334096353885,127.8329011597383,25.049616908246954
9180,bottom1B0,Nguyễn Trãi (Nam→vào),21.695629900905715,6.915392436253363,67.51366601537812,2.0960734307594464
9180,right0B0,Trường Chinh (Đông→vào),13.582737770240684,3.7177306046620937,46.72563407831593,9.023592234975876
9180,B1B0,Tây Sơn (Tây→vào),7.002976969353103,20.542395230301562,23.076411904452527,1.8026166130141037
9240,A0B0,Nguyễn Trãi (Bắc→vào),27.033411928790315,13.758686062269923,88.14687666247092,1.013690192266176
9240,bottom1B0,Nguyễn Trãi (Nam→vào),39.35170968890148,1.1624899731512146,129.9158980073267,35.98718966076867
9240,right0B0,Trường Chinh (Đông→vào),3.8687890126718063,36.74359004498637,12.363958040033578,0.0
9240,B1B0,Tây Sơn (Tây→vào),20.164978307866505,11.722154090588,59.335454926773956,12.69961740113791
9300,A0B0,Nguyễn Trãi (Bắc→vào),48.55316738170867,4.354684603627194,150.2206768168873,38.22905429734387
9300,bottom1B0,Nguyễn Trãi (Nam→vào),31.766562815750422,5.078741767364996,108.64835093900314,4.186527768598224
9300,right0B0,Trường Chinh (Đông→vào),14.681564457940864,2.853605175494983,41.50052589777681,12.290389376370918
9300,B1B0,Tây Sơn (Tây→vào),8.496783998725524,28.734502330513084,27.127974535178442,0.0
9360,A0B0,Nguyễn Trãi (Bắc→vào),39.09068373534835,8.261710940953142,130.66898253890704,1.7892310612385596
9360,bottom1B0,Nguyễn Trãi (Nam→vào),48.44313306621466,1.1122935138845562,155.46829475262007,46.730781468083535
9360,right0B0,Trường Chinh (Đông→vào),4.119669409414977,29.197098685482036,13.699792493976027,0.0
9360,B1B0,Tây Sơn (Tây→vào),19.493677544679176,5.94422012660842,61.10662629497497,14.451190888388787
9420,A0B0,Nguyễn Trãi (Bắc→vào),52.92745451126828,3.924397056654102,185.55291348397918,36.32867938800174
9420,bottom1B0,Nguyễn Trãi (Nam→vào),47.61166326077704,3.4602568698661713,140.9060233748628,14.47165607556743
9420,right0B0,Trường Chinh (Đông→vào),13.983139521655085,5.809411863836897,44.139141728952815,12.516317824776866
9420,B1B0,Tây Sơn (Tây→vào),4.801350136218736,38.08649148658252,17.452653880451084,0.0
9480,A0B0,Nguyễn Trãi (Bắc→vào),48.9981996559586,9.304451594969079,145.7813886373614,1.9123890075772043
9480,bottom1B0,Nguyễn Trãi (Nam→vào),64.60468250435201,0.3669862719536934,201.9598713428338,48.44518626786686
9480,right0B0,Trường Chinh (Đông→vào),3.2231097434528793,25.033422190502883,9.306778873364904,0.0
9480,B1B0,Tây Sơn (Tây→vào),17.755493054681438,9.976814797452914,55.77009089074837,12.034446042862895
9540,A0B0,Nguyễn Trãi (Bắc→vào),60.31280370791434,2.1692062509985357,211.47873409628576,35.87707755610258
9540,bottom1B0,Nguyễn Trãi (Nam→vào),53.35081956791008,1.8144367152292158,173.4338052527792,20.414616285026703
9540,right0B0,Trường Chinh (Đông→vào),14.071421908068402,8.089167267274176,47.54893862817093,9.260397735216824
9540,B1B0,Tây Sơn (Tây→vào),4.015797743268002,44.44742133787701,13.634684737012744,0.0
9600,A0B0,Nguyễn Trãi (Bắc→vào),60.2309893644566,6.968407081946492,193.04807164008378,2.0219584927179945
9600,bottom1B0,Nguyễn Trãi (Nam→vào),61.86199816123914,0.3781621575596921,212.50530830474864,50.34029995070139
9600,right0B0,Trường Chinh (Đông→vào),3.052805170770439,24.943514111939674,10.788884102465943,0.0
9600,B1B0,Tây Sơn (Tây→vào),16.159666922980584,9.296434371175105,53.64213319447668,10.504619298958028
9660,A0B0,Nguyễn Trãi (Bắc→vào),76.6886897926643,2.7284660016199624,249.31331417246352,41.737260360057874
9660,bottom1B0,Nguyễn Trãi (Nam→vào),49.00761594795481,2.941879204187138,172.5832813227463,19.01043623785115
9660,right0B0,Trường Chinh (Đông→vào),13.475130663200838,4.870839792629325,49.61761396411891,10.439477013850446
9660,B1B0,Tây Sơn (Tây→vào),6.917459723238801,37.566203490777134,21.674299438492152,0.0
9720,A0B0,Nguyễn Trãi (Bắc→vào),69.35538488719672,3.866182770220658,229.68885838660555,7.475881300093825
9720,bottom1B0,Nguyễn Trãi (Nam→vào),65.10848807318759,0.585837248838742,234.93933205453985,45.803792305276474
9720,right0B0,Trường Chinh (Đông→vào),2.1771341242267686,22.942033496359834,6.836368169718108,0.0
9720,B1B0,Tây Sơn (Tây→vào),16.916320898038304,11.371359653290776,57.220248510243216,11.329016509676073
9780,A0B0,Nguyễn Trãi (Bắc→vào),88.90246750420198,2.944645005479822,296.73472959848016,47.077079735957
9780,bottom1B0,Nguyễn Trãi (Nam→vào),50.12713731869161,2.932246714552435,183.08485163004562,17.56217146140795
9780,right0B0,Trường Chinh (Đông→vào),13.374054853614366,6.6879617221178975,47.33951595086181,10.647151503569434
9780,B1B0,Tây Sơn (Tây→vào),5.921077972663094,43.23917243142602,19.74762587501552,0.0
9840,A0B0,Nguyễn Trãi (Bắc→vào),83.05083349244043,3.122963071162645,286.0567057220526,32.50609245220966
9840,bottom1B0,Nguyễn Trãi (Nam→vào),72.69780581748452,0.5003366220779942,227.55778664594885,54.78110293500555
9840,right0B0,Trường Chinh (Đông→vào),2.975259333690567,36.332806703528455,9.66096423575325,0.0
9840,B1B0,Tây Sơn (Tây→vào),18.095177611920516,10.30445445145083,58.174708761486976,8.688629836721425
9900,A0B0,Nguyễn Trãi (Bắc→vào),102.31469363365689,1.520121766499222,389.5421590230621,65.4434492137785
9900,bottom1B0,Nguyễn Trãi (Nam→vào),59.10982211744365,2.601857853268055,179.19326843018294,15.782807548290371
9900,right0B0,Trường Chinh (Đông→vào),12.942282308986876,3.080208929077432,44.03502173553621,9.177019591614343
9900,B1B0,Tây Sơn (Tây→vào),6.001138875486437,39.323550862063485,19.239809911381094,0.0
9960,A0B0,Nguyễn Trãi (Bắc→vào),100.99239676418185,2.38580621147396,318.9497399515484,47.50792154069418
9960,bottom1B0,Nguyễn Trãi (Nam→vào),66.30145977468294,0.3169594833550192,250.58196841659824,60.52924600820404
9960,right0B0,Trường Chinh (Đông→vào),0.899922712778066,43.11563497370032,3.459963098094177,0.0
9960,B1B0,Tây Sơn (Tây→vào),10.701256042919137,7.6693376802001305,38.82211498204237,8.40963953593641
10020,A0B0,Nguyễn Trãi (Bắc→vào),100.07263940968785,0.6167790682418285,336.5400154224511,68.98561061812255
10020,bottom1B0,Nguyễn Trãi (Nam→vào),63.10481849553024,2.2525579208278423,214.84217939800598,15.117924632577145
10020,right0B0,Trường Chinh (Đông→vào),4.094617439605495,13.033988017596604,11.770173809105778,2.9686451615958873
10020,B1B0,Tây Sơn (Tây→vào),3.923150817423886,28.9006699821526,14.393275024405717,0.0
10080,A0B0,Nguyễn Trãi (Bắc→vào),91.43284006560167,2.988434117940477,295.4384012024389,28.46237165428001
10080,bottom1B0,Nguyễn Trãi (Nam→vào),76.76021322150747,0.43893606002218194,256.4467428641771,61.71848810545168
10080,right0B0,Trường Chinh (Đông→vào),1.0092028915635782,39.65157248342114,3.1297077071221606,0.0
10080,B1B0,Tây Sơn (Tây→vào),7.336930150370394,9.689526138055811,22.363782317625134,5.8314580369423235
10140,A0B0,Nguyễn Trãi (Bắc→vào),96.2950650013026,1.349373615175245,318.97769208959716,60.089802506028846
10140,bottom1B0,Nguyễn Trãi (Nam→vào),41.7928114924168,3.839734173562844,143.21089541037966,15.984789341384209
10140,right0B0,Trường Chinh (Đông→vào),4.139563367800001,7.26510933998856,13.52170767419686,3.7871054507747655
10140,B1B0,Tây Sơn (Tây→vào),2.0110613122578678,38.55091767188567,7.028523128896003,0.0
10200,A0B0,Nguyễn Trãi (Bắc→vào),70.0046894636407,4.180278181355588,212.73879240847202,15.547371591761648
10200,bottom1B0,Nguyễn Trãi (Nam→vào),70.86074678822558,1.0850081336148982,230.7120097888904,54.52228635520693
10200,right0B0,Trường Chinh (Đông→vào),0.8774563935729957,34.69037141585982,3.334380180294489,0.0
10200,B1B0,Tây Sơn (Tây→vào),5.574694748952129,16.94123155439986,19.796218138875453,3.674783102274697
10260,A0B0,Nguyễn Trãi (Bắc→vào),73.37042533713995,1.785687341529749,240.87550195299644,56.99335034677954
10260,bottom1B0,Nguyễn Trãi (Nam→vào),55.9647071544289,1.8888974615523426,194.77896234958024,17.137685079938844
10260,right0B0,Trường Chinh (Đông→vào),3.949078366046794,8.430096997016623,11.723635001110159,2.9314785028892003
10260,B1B0,Tây Sơn (Tây→vào),0.9246337176113476,42.12826969948203,3.4410548619729315,0.0
10320,A0B0,Nguyễn Trãi (Bắc→vào),55.143041706298604,3.0012603257056703,178.909335125525,17.092501601735563
10320,bottom1B0,Nguyễn Trãi (Nam→vào),62.202264544798396,0.34456626568361304,217.24612827765452,54.72018765353693
10320,right0B0,Trường Chinh (Đông→vào),1.1228712046037945,40.43990523089058,3.3131405132593024,0.0
10320,B1B0,Tây Sơn (Tây→vào),5.450435486936787,16.18064466878928,17.641634615047362,3.029945252686727
10380,A0B0,Nguyễn Trãi (Bắc→vào),63.66181439252489,0.8276358998552973,214.73156602476337,44.253112986746686
10380,bottom1B0,Nguyễn Trãi (Nam→vào),44.1819375968097,3.042107531982746,144.7939607914075,10.271429112238799
10380,right0B0,Trường Chinh (Đông→vào),3.770159200562341,8.197648973355783,12.995273312730797,3.153676901314004
10380,B1B0,Tây Sơn (Tây→vào),1.8091869586774734,46.63686591668517,7.091315470964366,0.0
10440,A0B0,Nguyễn Trãi (Bắc→vào),48.71364354329912,5.9120863189299175,167.71274964336115,1.8863077418589564
10440,bottom1B0,Nguyễn Trãi (Nam→vào),49.405584843565535,0.12756562394137788,169.9908799206323,42.82554469788005
10440,right0B0,Trường Chinh (Đông→vào),0.9957574734168995,43.470870917746744,3.293596204112914,0.0
10440,B1B0,Tây Sơn (Tây→vào),4.599948537739131,12.720868297256757,15.360992971560618,1.9418406065718394
10500,A0B0,Nguyễn Trãi (Bắc→vào),54.82837279381577,1.65608088398642,193.69050490808965,41.51020632221688
10500,bottom1B0,Nguyễn Trãi (Nam→vào),37.27496012631023,2.929920668985019,112.48083246613976,5.113254689078043
10500,right0B0,Trường Chinh (Đông→vào),4.0732419195567875,8.407329627835306,13.834185113949207,3.9100059236270703
10500,B1B0,Tây Sơn (Tây→vào),3.062620793811302,26.165609586239956,10.064310796245632,0.0
10560,A0B0,Nguyễn Trãi (Bắc→vào),37.359022031685925,5.045596468346326,149.2459722146295,7.778171037743821
10560,bottom1B0,Nguyễn Trãi (Nam→vào),45.880308606298236,0.060361303077529196,138.59932093709585,45.30330475869867
10560,right0B0,Trường Chinh (Đông→vào),0.9599894151699074,41.931087118271456,3.315891362528079,0.0
10560,B1B0,Tây Sơn (Tây→vào),7.221500270112558,16.367627263145923,25.43097234628189,4.967493484625377
10620,A0B0,Nguyễn Trãi (Bắc→vào),46.97499910994725,0.853669591415538,165.99957203877673,43.30012053877619
10620,bottom1B0,Nguyễn Trãi (Nam→vào),24.210696251198666,4.958252518890089,83.65006950628624,2.8258632065419893
10620,right0B0,Trường Chinh (Đông→vào),3.9367604590837626,8.569251736171418,13.482307886125158,3.0048555151090546
10620,B1B0,Tây Sơn (Tây→vào),1.0182681871031884,35.94044486723161,3.3333331927465744,0.0
10680,A0B0,Nguyễn Trãi (Bắc→vào),29.88879980168817,8.92900931414798,98.02979139166956,1.9530163491501273
10680,bottom1B0,Nguyễn Trãi (Nam→vào),32.76736996921671,0.14418121740034864,106.15725760208343,32.69673333753187
10680,right0B0,Trường Chinh (Đông→vào),1.0765889445300527,42.34056113986833,3.3181147548899226,0.0
10680,B1B0,Tây Sơn (Tây→vào),5.251877692746639,17.217308579914512,15.335263053063153,3.0764731061664174
10740,A0B0,Nguyễn Trãi (Bắc→vào),36.525189884660456,2.8850764306593706,124.1662590344623,33.91056697302663
10740,bottom1B0,Nguyễn Trãi (Nam→vào),14.525085268495861,4.249553804306852,47.71705573832883,3.4165680238605867
10740,right0B0,Trường Chinh (Đông→vào),4.386758697037638,8.138288884133203,13.181390848560955,4.238061140702023
10740,B1B0,Tây Sơn (Tây→vào),3.294072690117454,29.32811749425968,9.192474554707605,0.8476183717323623
10800,A0B0,Nguyễn Trãi (Bắc→vào),19.710600125136377,10.492968595905037,73.45986151998011,1.9383950974443875
10800,bottom1B0,Nguyễn Trãi (Nam→vào),20.027140233284992,1.2663975213511613,71.27583763297481,21.025348034257757
10800,right0B0,Trường Chinh (Đông→vào),1.0742459393366925,27.478305711657136,3.2120095839681326,0.0
10800,B1B0,Tây Sơn (Tây→vào),5.682515684748709,11.663984249737398,19.719399553161935,4.633453504382615
