time,edge_id,edge_name,flow,speed,density,queue
60,A0B0,Nguyễn Trãi (Bắc→vào),9.0,10.327,30.0,5
60,bottom1B0,Nguyễn Trãi (Nam→vào),1.0,33.796,3.333,0
60,right0B0,Trường Chinh (Đông→vào),4.0,8.075,13.333,3
60,B1B0,Tây Sơn (Tây→vào),1.0,40.528,3.333,0
120,A0B0,Nguyễn Trãi (Bắc→vào),2.0,39.448,6.667,0
120,bottom1B0,Nguyễn Trãi (Nam→vào),7.0,2.434,23.333,6
120,right0B0,Trường Chinh (Đông→vào),0.0,39.996,0.0,0
120,B1B0,Tây Sơn (Tây→vào),5.0,8.207,16.667,4
180,A0B0,Nguyễn Trãi (Bắc→vào),8.0,6.801,26.667,6
180,bottom1B0,Nguyễn Trãi (Nam→vào),1.0,39.534,3.333,0
180,right0B0,Trường Chinh (Đông→vào),4.0,14.372,13.333,3
180,B1B0,Tây Sơn (Tây→vào),2.0,34.314,6.667,0
240,A0B0,Nguyễn Trãi (Bắc→vào),2.0,38.78,6.667,0
240,bottom1B0,Nguyễn Trãi (Nam→vào),8.0,3.375,26.667,6
240,right0B0,Trường Chinh (Đông→vào),1.0,39.364,3.333,0
240,B1B0,Tây Sơn (Tây→vào),6.0,13.319,20.0,4
300,A0B0,Nguyễn Trãi (Bắc→vào),8.0,9.413,26.667,6
300,bottom1B0,Nguyễn Trãi (Nam→vào),1.0,33.825,3.333,0
300,right0B0,Trường Chinh (Đông→vào),5.0,8.324,16.667,4
300,B1B0,Tây Sơn (Tây→vào),2.0,41.383,6.667,0
360,A0B0,Nguyễn Trãi (Bắc→vào),2.0,36.344,6.667,0
360,bottom1B0,Nguyễn Trãi (Nam→vào),7.0,1.723,23.333,6
360,right0B0,Trường Chinh (Đông→vào),0.0,39.996,0.0,0
360,B1B0,Tây Sơn (Tây→vào),5.0,8.173,16.667,4
420,A0B0,Nguyễn Trãi (Bắc→vào),10.0,10.596,33.333,6
420,bottom1B0,Nguyễn Trãi (Nam→vào),1.0,38.969,3.333,0
420,right0B0,Trường Chinh (Đông→vào),4.0,0.018,13.333,4
420,B1B0,Tây Sơn (Tây→vào),1.0,26.522,3.333,0
480,A0B0,Nguyễn Trãi (Bắc→vào),3.0,33.89,10.0,0
480,bottom1B0,Nguyễn Trãi (Nam→vào),8.0,2.907,26.667,7
480,right0B0,Trường Chinh (Đông→vào),1.0,24.75,3.333,0
480,B1B0,Tây Sơn (Tây→vào),5.0,10.816,16.667,2
540,A0B0,Nguyễn Trãi (Bắc→vào),9.0,5.891,30.0,7
540,bottom1B0,Nguyễn Trãi (Nam→vào),2.0,28.682,6.667,0
540,right0B0,Trường Chinh (Đông→vào),5.0,7.255,16.667,4
540,B1B0,Tây Sơn (Tây→vào),1.0,36.603,3.333,0
600,A0B0,Nguyễn Trãi (Bắc→vào),4.0,31.296,13.333,0
600,bottom1B0,Nguyễn Trãi (Nam→vào),8.0,7.261,26.667,6
600,right0B0,Trường Chinh (Đông→vào),2.0,37.883,6.667,0
600,B1B0,Tây Sơn (Tây→vào),5.0,12.052,16.667,2
660,A0B0,Nguyễn Trãi (Bắc→vào),12.0,6.728,40.0,9
660,bottom1B0,Nguyễn Trãi (Nam→vào),2.0,31.051,6.667,0
660,right0B0,Trường Chinh (Đông→vào),6.0,17.716,20.0,4
660,B1B0,Tây Sơn (Tây→vào),2.0,41.251,6.667,0
720,A0B0,Nguyễn Trãi (Bắc→vào),2.0,42.584,6.667,0
720,bottom1B0,Nguyễn Trãi (Nam→vào),8.0,0.367,26.667,7
720,right0B0,Trường Chinh (Đông→vào),0.0,39.996,0.0,0
720,B1B0,Tây Sơn (Tây→vào),5.0,8.329,16.667,4
780,A0B0,Nguyễn Trãi (Bắc→vào),9.0,7.405,30.0,3
780,bottom1B0,Nguyễn Trãi (Nam→vào),1.0,38.077,3.333,0
780,right0B0,Trường Chinh (Đông→vào),4.0,8.211,13.333,3
780,B1B0,Tây Sơn (Tây→vào),1.0,35.228,3.333,0
840,A0B0,Nguyễn Trãi (Bắc→vào),6.0,23.023,20.0,1
840,bottom1B0,Nguyễn Trãi (Nam→vào),7.0,5.218,23.333,5
840,right0B0,Trường Chinh (Đông→vào),1.0,37.587,3.333,0
840,B1B0,Tây Sơn (Tây→vào),5.0,7.641,16.667,4
900,A0B0,Nguyễn Trãi (Bắc→vào),12.0,7.201,40.0,10
900,bottom1B0,Nguyễn Trãi (Nam→vào),1.0,34.234,3.333,0
900,right0B0,Trường Chinh (Đông→vào),5.0,6.719,16.667,4
900,B1B0,Tây Sơn (Tây→vào),1.0,41.324,3.333,0
960,A0B0,Nguyễn Trãi (Bắc→vào),7.0,29.877,23.333,0
960,bottom1B0,Nguyễn Trãi (Nam→vào),14.0,5.458,46.667,11
960,right0B0,Trường Chinh (Đông→vào),2.0,35.012,6.667,0
960,B1B0,Tây Sơn (Tây→vào),10.0,11.414,33.333,6
1020,A0B0,Nguyễn Trãi (Bắc→vào),20.0,8.129,66.667,13
1020,bottom1B0,Nguyễn Trãi (Nam→vào),3.0,39.704,10.0,0
1020,right0B0,Trường Chinh (Đông→vào),10.0,6.62,33.333,7
1020,B1B0,Tây Sơn (Tây→vào),3.0,44.937,10.0,0
1080,A0B0,Nguyễn Trãi (Bắc→vào),7.0,29.176,23.333,0
1080,bottom1B0,Nguyễn Trãi (Nam→vào),14.0,1.188,46.667,12
1080,right0B0,Trường Chinh (Đông→vào),2.0,33.887,6.667,0
1080,B1B0,Tây Sơn (Tây→vào),11.0,15.241,36.667,6
1140,A0B0,Nguyễn Trãi (Bắc→vào),20.0,8.018,66.667,13
1140,bottom1B0,Nguyễn Trãi (Nam→vào),5.0,26.389,16.667,0
1140,right0B0,Trường Chinh (Đông→vào),9.0,5.334,30.0,6
1140,B1B0,Tây Sơn (Tây→vào),3.0,39.146,10.0,0
1200,A0B0,Nguyễn Trãi (Bắc→vào),6.0,32.815,20.0,0
1200,bottom1B0,Nguyễn Trãi (Nam→vào),17.0,5.568,56.667,14
1200,right0B0,Trường Chinh (Đông→vào),2.0,34.707,6.667,0
1200,B1B0,Tây Sơn (Tây→vào),10.0,8.121,33.333,8
1260,A0B0,Nguyễn Trãi (Bắc→vào),18.0,6.087,60.0,13
1260,bottom1B0,Nguyễn Trãi (Nam→vào),2.0,34.909,6.667,0
1260,right0B0,Trường Chinh (Đông→vào),9.0,3.799,30.0,8
1260,B1B0,Tây Sơn (Tây→vào),4.0,33.875,13.333,0
1320,A0B0,Nguyễn Trãi (Bắc→vào),10.0,27.834,33.333,0
1320,bottom1B0,Nguyễn Trãi (Nam→vào),15.0,4.962,50.0,12
1320,right0B0,Trường Chinh (Đông→vào),2.0,44.474,6.667,0
1320,B1B0,Tây Sơn (Tây→vào),12.0,11.711,40.0,7
1380,A0B0,Nguyễn Trãi (Bắc→vào),22.0,6.603,73.333,17
1380,bottom1B0,Nguyễn Trãi (Nam→vào),4.0,25.543,13.333,1
1380,right0B0,Trường Chinh (Đông→vào),9.0,4.893,30.0,7
1380,B1B0,Tây Sơn (Tây→vào),3.0,36.959,10.0,0
1440,A0B0,Nguyễn Trãi (Bắc→vào),6.0,35.461,20.0,0
1440,bottom1B0,Nguyễn Trãi (Nam→vào),15.0,3.668,50.0,12
1440,right0B0,Trường Chinh (Đông→vào),1.0,35.964,3.333,0
1440,B1B0,Tây Sơn (Tây→vào),12.0,10.381,40.0,9
1500,A0B0,Nguyễn Trãi (Bắc→vào),18.0,7.248,60.0,13
1500,bottom1B0,Nguyễn Trãi (Nam→vào),3.0,38.65,10.0,0
1500,right0B0,Trường Chinh (Đông→vào),9.0,7.905,30.0,6
1500,B1B0,Tây Sơn (Tây→vào),3.0,35.468,10.0,0
1560,A0B0,Nguyễn Trãi (Bắc→vào),9.0,23.962,30.0,0
1560,bottom1B0,Nguyễn Trãi (Nam→vào),15.0,6.292,50.0,12
1560,right0B0,Trường Chinh (Đông→vào),3.0,26.791,10.0,0
1560,B1B0,Tây Sơn (Tây→vào),12.0,14.969,40.0,6
1620,A0B0,Nguyễn Trãi (Bắc→vào),20.0,4.774,66.667,15
1620,bottom1B0,Nguyễn Trãi (Nam→vào),2.0,31.824,6.667,0
1620,right0B0,Trường Chinh (Đông→vào),9.0,4.284,30.0,8
1620,B1B0,Tây Sơn (Tây→vào),3.0,21.727,10.0,0
1680,A0B0,Nguyễn Trãi (Bắc→vào),12.0,16.645,40.0,0
1680,bottom1B0,Nguyễn Trãi (Nam→vào),15.0,5.224,50.0,12
1680,right0B0,Trường Chinh (Đông→vào),1.0,32.945,3.333,0
1680,B1B0,Tây Sơn (Tây→vào),11.0,11.795,36.667,7
1740,A0B0,Nguyễn Trãi (Bắc→vào),25.0,9.224,83.333,14
1740,bottom1B0,Nguyễn Trãi (Nam→vào),4.0,34.09,13.333,0
1740,right0B0,Trường Chinh (Đông→vào),9.0,4.514,30.0,6
1740,B1B0,Tây Sơn (Tây→vào),5.0,31.938,16.667,0
1800,A0B0,Nguyễn Trãi (Bắc→vào),12.0,19.888,40.0,1
1800,bottom1B0,Nguyễn Trãi (Nam→vào),15.0,4.85,50.0,11
1800,right0B0,Trường Chinh (Đông→vào),2.0,24.973,6.667,0
1800,B1B0,Tây Sơn (Tây→vào),12.0,6.75,40.0,9
1860,A0B0,Nguyễn Trãi (Bắc→vào),32.0,8.163,106.667,20
1860,bottom1B0,Nguyễn Trãi (Nam→vào),7.0,25.098,23.333,1
1860,right0B0,Trường Chinh (Đông→vào),15.0,5.056,50.0,11
1860,B1B0,Tây Sơn (Tây→vào),7.0,31.005,23.333,0
1920,A0B0,Nguyễn Trãi (Bắc→vào),21.0,17.801,70.0,1
1920,bottom1B0,Nguyễn Trãi (Nam→vào),23.0,3.257,76.667,19
1920,right0B0,Trường Chinh (Đông→vào),5.0,27.155,16.667,0
1920,B1B0,Tây Sơn (Tây→vào),19.0,10.028,63.333,12
1980,A0B0,Nguyễn Trãi (Bắc→vào),38.0,6.606,126.667,25
1980,bottom1B0,Nguyễn Trãi (Nam→vào),19.0,7.303,63.333,2
1980,right0B0,Trường Chinh (Đông→vào),15.0,3.739,50.0,12
1980,B1B0,Tây Sơn (Tây→vào),6.0,27.654,20.0,0
2040,A0B0,Nguyễn Trãi (Bắc→vào),27.0,12.218,90.0,0
2040,bottom1B0,Nguyễn Trãi (Nam→vào),36.0,2.351,120.0,32
2040,right0B0,Trường Chinh (Đông→vào),4.0,35.271,13.333,0
2040,B1B0,Tây Sơn (Tây→vào),18.0,11.06,60.0,12
2100,A0B0,Nguyễn Trãi (Bắc→vào),45.0,3.271,150.0,33
2100,bottom1B0,Nguyễn Trãi (Nam→vào),26.0,8.362,86.667,2
2100,right0B0,Trường Chinh (Đông→vào),14.0,2.823,46.667,12
2100,B1B0,Tây Sơn (Tây→vào),8.0,29.386,26.667,0
2160,A0B0,Nguyễn Trãi (Bắc→vào),34.0,10.396,113.333,1
2160,bottom1B0,Nguyễn Trãi (Nam→vào),42.0,1.204,140.0,40
2160,right0B0,Trường Chinh (Đông→vào),4.0,29.015,13.333,0
2160,B1B0,Tây Sơn (Tây→vào),19.0,6.581,63.333,13
2220,A0B0,Nguyễn Trãi (Bắc→vào),53.0,4.631,176.667,36
2220,bottom1B0,Nguyễn Trãi (Nam→vào),41.0,4.227,136.667,12
2220,right0B0,Trường Chinh (Đông→vào),15.0,5.721,50.0,12
2220,B1B0,Tây Sơn (Tây→vào),5.0,39.591,16.667,0
2280,A0B0,Nguyễn Trãi (Bắc→vào),46.0,8.089,153.333,3
2280,bottom1B0,Nguyễn Trãi (Nam→vào),57.0,1.34,190.0,47
2280,right0B0,Trường Chinh (Đông→vào),3.0,25.852,10.0,0
2280,B1B0,Tây Sơn (Tây→vào),18.0,9.345,60.0,12
2340,A0B0,Nguyễn Trãi (Bắc→vào),64.0,2.786,213.333,41
2340,bottom1B0,Nguyễn Trãi (Nam→vào),56.0,1.317,186.667,18
2340,right0B0,Trường Chinh (Đông→vào),14.0,7.807,46.667,8
2340,B1B0,Tây Sơn (Tây→vào),4.0,43.054,13.333,0
2400,A0B0,Nguyễn Trãi (Bắc→vào),63.0,4.015,210.0,19
2400,bottom1B0,Nguyễn Trãi (Nam→vào),71.0,1.165,236.667,54
2400,right0B0,Trường Chinh (Đông→vào),4.0,15.034,13.333,0
2400,B1B0,Tây Sơn (Tây→vào),17.0,10.916,56.667,12
2460,A0B0,Nguyễn Trãi (Bắc→vào),81.0,2.599,270.0,47
2460,bottom1B0,Nguyễn Trãi (Nam→vào),65.0,1.9,216.667,31
2460,right0B0,Trường Chinh (Đông→vào),15.0,4.873,50.0,12
2460,B1B0,Tây Sơn (Tây→vào),7.0,36.554,23.333,0
2520,A0B0,Nguyễn Trãi (Bắc→vào),69.0,4.376,230.0,8
2520,bottom1B0,Nguyễn Trãi (Nam→vào),75.0,1.027,250.0,58
2520,right0B0,Trường Chinh (Đông→vào),2.0,24.279,6.667,0
2520,B1B0,Tây Sơn (Tây→vào),17.0,10.372,56.667,12
2580,A0B0,Nguyễn Trãi (Bắc→vào),89.0,1.992,296.667,48
2580,bottom1B0,Nguyễn Trãi (Nam→vào),68.0,1.258,226.667,37
2580,right0B0,Trường Chinh (Đông→vào),14.0,7.112,46.667,10
2580,B1B0,Tây Sơn (Tây→vào),6.0,41.714,20.0,0
2640,A0B0,Nguyễn Trãi (Bắc→vào),86.0,3.814,286.667,21
2640,bottom1B0,Nguyễn Trãi (Nam→vào),76.0,0.767,253.333,60
2640,right0B0,Trường Chinh (Đông→vào),3.0,38.474,10.0,0
2640,B1B0,Tây Sơn (Tây→vào),17.0,10.615,56.667,9
2700,A0B0,Nguyễn Trãi (Bắc→vào),102.0,0.93,340.0,68
2700,bottom1B0,Nguyễn Trãi (Nam→vào),68.0,1.643,226.667,34
2700,right0B0,Trường Chinh (Đông→vào),13.0,2.991,43.333,9
2700,B1B0,Tây Sơn (Tây→vào),8.0,27.962,26.667,0
2760,A0B0,Nguyễn Trãi (Bắc→vào),83.0,4.336,276.667,6
2760,bottom1B0,Nguyễn Trãi (Nam→vào),76.0,0.721,253.333,57
2760,right0B0,Trường Chinh (Đông→vào),1.0,43.645,3.333,0
2760,B1B0,Tây Sơn (Tây→vào),13.0,6.506,43.333,10
2820,A0B0,Nguyễn Trãi (Bắc→vào),90.0,1.707,300.0,53
2820,bottom1B0,Nguyễn Trãi (Nam→vào),64.0,1.966,213.333,20
2820,right0B0,Trường Chinh (Đông→vào),4.0,11.89,13.333,3
2820,B1B0,Tây Sơn (Tây→vào),4.0,31.962,13.333,0
2880,A0B0,Nguyễn Trãi (Bắc→vào),77.0,3.835,256.667,13
2880,bottom1B0,Nguyễn Trãi (Nam→vào),76.0,0.605,253.333,55
2880,right0B0,Trường Chinh (Đông→vào),1.0,40.456,3.333,0
2880,B1B0,Tây Sơn (Tây→vào),7.0,9.025,23.333,6
2940,A0B0,Nguyễn Trãi (Bắc→vào),85.0,1.393,283.333,55
2940,bottom1B0,Nguyễn Trãi (Nam→vào),66.0,1.757,220.0,28
2940,right0B0,Trường Chinh (Đông→vào),4.0,8.019,13.333,4
2940,B1B0,Tây Sơn (Tây→vào),2.0,36.431,6.667,0
3000,A0B0,Nguyễn Trãi (Bắc→vào),66.0,2.692,220.0,20
3000,bottom1B0,Nguyễn Trãi (Nam→vào),76.0,0.678,253.333,54
3000,right0B0,Trường Chinh (Đông→vào),1.0,33.869,3.333,0
3000,B1B0,Tây Sơn (Tây→vào),6.0,18.253,20.0,4
3060,A0B0,Nguyễn Trãi (Bắc→vào),74.0,0.498,246.667,53
3060,bottom1B0,Nguyễn Trãi (Nam→vào),64.0,2.02,213.333,20
3060,right0B0,Trường Chinh (Đông→vào),4.0,8.74,13.333,3
3060,B1B0,Tây Sơn (Tây→vào),1.0,42.797,3.333,0
3120,A0B0,Nguyễn Trãi (Bắc→vào),54.0,6.177,180.0,5
3120,bottom1B0,Nguyễn Trãi (Nam→vào),76.0,0.751,253.333,57
3120,right0B0,Trường Chinh (Đông→vào),1.0,39.562,3.333,0
3120,B1B0,Tây Sơn (Tây→vào),5.0,15.442,16.667,3
3180,A0B0,Nguyễn Trãi (Bắc→vào),61.0,2.253,203.333,41
3180,bottom1B0,Nguyễn Trãi (Nam→vào),63.0,1.684,210.0,23
3180,right0B0,Trường Chinh (Đông→vào),4.0,8.533,13.333,3
3180,B1B0,Tây Sơn (Tây→vào),2.0,41.685,6.667,0
3240,A0B0,Nguyễn Trãi (Bắc→vào),48.0,3.067,160.0,13
3240,bottom1B0,Nguyễn Trãi (Nam→vào),69.0,0.598,230.0,54
3240,right0B0,Trường Chinh (Đông→vào),1.0,40.097,3.333,0
3240,B1B0,Tây Sơn (Tây→vào),5.0,13.677,16.667,2
3300,A0B0,Nguyễn Trãi (Bắc→vào),56.0,1.286,186.667,45
3300,bottom1B0,Nguyễn Trãi (Nam→vào),54.0,2.367,180.0,19
3300,right0B0,Trường Chinh (Đông→vào),4.0,8.012,13.333,4
3300,B1B0,Tây Sơn (Tây→vào),3.0,25.686,10.0,0
3360,A0B0,Nguyễn Trãi (Bắc→vào),39.0,4.876,130.0,6
3360,bottom1B0,Nguyễn Trãi (Nam→vào),61.0,0.239,203.333,55
3360,right0B0,Trường Chinh (Đông→vào),1.0,41.985,3.333,0
3360,B1B0,Tây Sơn (Tây→vào),7.0,15.109,23.333,5
3420,A0B0,Nguyễn Trãi (Bắc→vào),46.0,0.996,153.333,37
3420,bottom1B0,Nguyễn Trãi (Nam→vào),48.0,2.342,160.0,16
3420,right0B0,Trường Chinh (Đông→vào),4.0,8.22,13.333,3
3420,B1B0,Tây Sơn (Tây→vào),1.0,33.87,3.333,0
3480,A0B0,Nguyễn Trãi (Bắc→vào),28.0,11.247,93.333,2
3480,bottom1B0,Nguyễn Trãi (Nam→vào),54.0,0.436,180.0,49
3480,right0B0,Trường Chinh (Đông→vào),1.0,43.625,3.333,0
3480,B1B0,Tây Sơn (Tây→vào),5.0,17.789,16.667,3
3540,A0B0,Nguyễn Trãi (Bắc→vào),36.0,3.102,120.0,32
3540,bottom1B0,Nguyễn Trãi (Nam→vào),36.0,2.563,120.0,12
3540,right0B0,Trường Chinh (Đông→vào),4.0,8.048,13.333,4
3540,B1B0,Tây Sơn (Tây→vào),3.0,29.22,10.0,1
3600,A0B0,Nguyễn Trãi (Bắc→vào),23.0,7.428,76.667,2
3600,bottom1B0,Nguyễn Trãi (Nam→vào),43.0,0.08,143.333,42
3600,right0B0,Trường Chinh (Đông→vào),1.0,29.176,3.333,0
3600,B1B0,Tây Sơn (Tây→vào),6.0,11.067,20.0,5
